CAR TYPE,CC AND FUEL TYPE,ASSEMBLER,BRAND,TYPE / MODEL,CC,TRANS,"FUEL (G/D)","TANK CAPT","GVW (Kg)",GEAR RATIO,WHEEL & TYRE SIZE,PS / HP,"WHEEL BASE","DIMENSION P x L x T",SEATER,DRIVE SYS.,,SPEED,DOOR,WHEELS,CBU,"ORIGIN COUNTRY",JAN,FEB,MAR,APR,MAY,JUN,JUL,AUG,SEP,OCT,NOV,DEC,Segmt Share,Sedan Share,TOTAL 2020
SEDAN TYPE,CC < 1.500 [G/D],PT. Toyota Motor Mftg Indonesia,TOYOTA,VIOS D (LOW GRADE),1500,MT,G,42,1080,0,195/50 R16,109 / 6000,2550,4410X1700X1475,5,4X2,FF,0,4,4,CKD,INA,5,-,-,-,-,-,-,1,4,-,-,-,"0,0%","0,0%",10
,,,,VIOS R (MID GRADE),1500,MT,G,42,1080,0,195/50 R16,109 / 6000,2550,4410X1700X1475,5,4X2,FF,0,4,4,CKD,INA,-,-,-,-,-,10,-,-,-,-,-,-,"0,0%","0,0%",10
,,,,VIOS D (LOW GRADE),1500,CVT,G,42,1080,0,195/50 R16,109 / 6000,2550,4410X1700X1475,5,4X2,FF,0,4,4,CKD,INA,5,-,-,-,-,-,-,-,-,-,-,-,"0,0%","0,0%",5
,,,,VIOS R (MID GRADE),1500,CVT,G,42,1080,0,195/50 R16,109 / 6000,2550,4410X1700X1475,5,4X2,FF,0,4,4,CKD,INA,126,147,66,29,10,44,170,-,37,104,95,-,"3,6%","3,4%",828
,,,,VIOS G (HIGH GRADE),1500,CVT,G,42,1080,0,195/50 R16,109 / 6000,2550,4410X1700X1475,5,4X2,FF,0,4,4,CKD,INA,34,40,49,7,1,10,7,-,-,-,-,-,"0,6%","0,6%",148
,,,,VIOS R (MID GRADE),1500,CVT,G,42,1080,0,195/50 R16,109 / 6000,2550,4410X1700X1475,5,4X2,FF,0,4,4,CKD,INA,3.501,3.233,2.830,1.366,400,1.447,1.413,773,1.130,1.558,2.187,1.765,"93,8%","89,2%",21.603
,,,,VIOS D (LOW GRADE),1500,MT,G,42,1080,0,195/50 R16,109 / 6000,2550,4410X1700X1475,5,4X2,FF,0,4,4,CKD,INA,2,-,6,3,-,3,-,6,-,1,6,2,"0,1%","0,1%",29
,,,,VIOS G (HIGH GRADE),1500,MT,G,42,1080,0,195/50 R16,109 / 6000,2550,4410X1700X1475,5,4X2,FF,0,4,4,CKD,INA,1,7,25,1,-,-,-,-,-,-,-,2,"0,2%","0,1%",36
,,,,VIOS R (MID GRADE),1500,MT,G,42,1080,0,195/50 R16,109 / 6000,2550,4410X1700X1475,5,4X2,FF,0,4,4,CKD,INA,-,-,-,-,-,-,-,1,-,-,-,3,"0,0%","0,0%",4
,,,,VIOS G (HIGH GRADE),1500,CVT,G,42,1080,0,195/50 R16,109 / 6000,2550,4410X1700X1475,5,4X2,FF,0,4,4,CKD,INA,16,21,28,16,4,66,5,6,30,22,29,26,"1,2%","1,1%",269
,,,,VIOS R (MID GRADE),1500,CVT,G,42,1080,0,195/50 R16,109 / 6000,2550,4410X1700X1475,5,4X2,FF,0,4,4,CKD,INA,11,19,20,6,2,6,1,4,-,1,14,9,"0,4%","0,4%",93
,CC 1.501 - 3.000 [G],PT. Gaya Motor,BMW,BMW 320,1995,AT,G,0,0,0,0,0,0,0,0,4X2,0,0,4,4,CKD,INA,83,33,14,-,-,45,45,8,-,-,-,1,"19,3%","0,9%",229
,,,,BMW 328/330,2497,AT,G,0,0,0,0,0,0,0,0,4X2,0,0,4,4,CKD,INA,1,48,23,10,-,41,44,1,-,1,-,18,"15,7%","0,8%",187
,,,,BMW 520,2000,AT,G,0,0,0,0,0,0,0,0,4X4,4WD,0,4,4,CKD,INA,-,47,18,26,-,3,-,24,-,1,16,8,"12,0%","0,6%",143
,,,,BMW 528/530,3000,AT,G,0,0,0,0,0,0,0,0,4X4,4WD,0,4,4,CKD,INA,1,-,-,-,-,22,24,1,1,-,16,6,"6,0%","0,3%",71
,,,,BMW 7 series,3000,AT,G,0,0,0,0,0,0,0,0,4X4,4WD,0,4,4,CKD,INA,27,7,11,1,-,8,3,9,3,2,1,-,"6,1%","0,3%",72
,,PT. Mercedes Benz Indonesia,MERCEDES-BENZ PC,C180,1991,AT,G,41,2030,7,225/50 R17,184,2840,"4,686 x 2,020 x 1,442",5,4X2,FR,0,4,4,CKD,IND,20,2,-,-,-,2,23,1,-,-,-,-,"4,0%","0,2%",48
,,,,C 200 AVA,1991,AT,G,66,2030,9,"225/45, 245/40 R18",184,2840,"4,686 x 2,020 x 1,442",5,4X2,FR,0,4,4,CKD,IND,1,-,20,-,-,5,23,-,1,-,-,-,"4,2%","0,2%",50
,,,,C 300 AMG,1991,AT,G,66,2135,9,"225/45, 245/40 R18",258,2840,"4,702 x 2,020 x 1,432",5,4X2,FR,0,4,4,CKD,IND,46,38,4,-,-,55,22,24,1,2,-,-,"16,2%","0,8%",192
,,,,E 200 AVA,1991,AT,G,66,2265,9,245/45 R18,184,2939,"4,686 x 2,065 x 1,468",5,4X2,FR,0,4,4,CKD,IND,23,-,-,-,-,-,-,-,-,-,-,-,"1,9%","0,1%",23
,,,,E 300 AVA,1991,AT,G,66,2395,9,245/45 R18,258,2939,"4,686 x 2,065 x 1,468",5,4X2,FR,0,4,4,CKD,IND,41,22,7,-,-,3,-,-,23,-,-,-,"8,1%","0,4%",96
,,,,E 350 AMG,1991,AT,G,66,2410,9,"245/40, 275/35 R19",299,2939,"4,702 x 2,065 x 1,452",5,4X2,FR,0,4,4,CKD,IND,-,15,6,-,-,3,2,-,22,-,-,-,"4,0%","0,2%",48
,,,,S 450,2996,AT,G,80,2700,9,"245/45, 275/40 R19",367,3165,"5,255 x 2,130 x 1,494",5,4X2,FR,0,4,4,CKD,IND,2,-,5,-,-,11,8,2,-,-,1,-,"2,4%","0,1%",29
4X2 TYPE,CC < 1.500 [G/D],PT. Astra Daihatsu Motor,DAIHATSU,Grand New  Xenia 1.3 X MT,1329,MT,G,45,1120,5125,185/70R14,97,2655,4190X1660X1695,7,4X2,FR,0,5,4,CKD,INA,846,940,753,43,-,5,18,33,197,208,200,217,"1,1%","0,9%",3.460
,,,,Grand New  Xenia 1.3 X AT,1329,AT,G,45,1130,5571,185/70R14,97,2655,4190X1660X1695,7,4X2,FR,0,5,4,CKD,INA,78,101,92,8,-,1,5,13,44,29,21,10,"0,1%","0,1%",402
,,,,Grand New  Xenia 1.3 R MT,1329,MT,G,45,1110,5125,185/70R14,97,2655,4190X1660X1695,7,4X2,FR,0,5,4,CKD,INA,875,1.009,682,34,-,5,12,19,77,78,152,139,"0,9%","0,8%",3.082
,,,,Grand New  Xenia 1.3 R AT,1329,AT,G,45,1120,5571,185/70R14,97,2655,4190X1660X1695,7,4X2,FR,0,5,4,CKD,INA,108,121,117,8,-,1,5,9,70,49,11,10,"0,2%","0,1%",509
,,,,Grand New  Xenia 1.5 R MT,1496,MT,G,45,1120,4875,185/70R14,104,2655,4190X1660X1695,7,4X2,FR,0,5,4,CKD,INA,20,30,30,2,-,-,1,1,8,6,53,-,"0,0%","0,0%",151
,,,,Grand New  Xenia 1.5 R AT,1496,AT,G,45,1130,5125,185/70R14,104,2655,4190X1660X1695,7,4X2,FR,0,5,4,CKD,INA,14,5,10,1,-,-,-,-,-,4,-,-,"0,0%","0,0%",34
,,,,Luxio 1.5 D (New ),1495,MT,G,43,1290,5152,195/65R15,97,2650,4215X1710X1915,8,4X2,FR,0,5,4,CKD,INA,39,33,72,3,-,-,3,63,74,45,45,33,"0,1%","0,1%",410
,,,,Luxio 1.5 X MT (New ),1298,MT,G,45,1320,5152,195/65R15,97,2650,4215X1710X1915,8,4X2,FR,0,5,4,CKD,INA,82,171,160,4,-,1,7,113,173,92,52,73,"0,3%","0,2%",928
,,,,Luxio 1.5 X AT (New ),1495,AT,G,43,1320,5152,195/65R15,97,2650,4215X1710X1915,8,4X2,FR,0,5,4,CKD,INA,24,30,36,1,-,1,4,58,49,17,9,9,"0,1%","0,1%",238
,,,,All New  Terios X AT,1496,MT,G,45,1245,5571,215/65/R16,104,2685,4435X1695X1705,7,4X2,FR,0,5,4,CKD,INA,701,937,1.229,77,-,28,131,630,623,457,511,580,"1,8%","1,5%",5.904
,,,,All New  Terios R MT,1496,AT,G,45,1255,5857,215/65/R16,104,2685,4435X1695X1705,7,4X2,FR,0,5,4,CKD,INA,253,134,247,23,-,8,41,127,183,127,94,59,"0,4%","0,3%",1.296
,,,,All New  Terios R AT,1496,MT,G,45,1260,5571,215/60/R17,104,2685,4435X1695X1705,7,4X2,FR,0,5,4,CKD,INA,97,332,989,57,-,23,114,340,491,334,240,305,"1,0%","0,9%",3.322
,,,,All New  Terios R MT,1496,AT,G,45,1270,5857,215/60/R17,104,2685,4435X1695X1705,7,4X2,FR,0,5,4,CKD,INA,336,198,437,35,-,15,58,83,224,211,110,91,"0,6%","0,5%",1.798
,,,,All New  Terios Custom MT,1496,MT,G,45,1260,5571,215/60/R17,104,2685,4435X1695X1705,7,4X2,FR,-,5,4,CKD,INA,-,5,5,-,-,-,-,4,-,-,2,1,"0,0%","0,0%",17
,,,,All New  Terios Custom AT,1496,AT,G,45,1270,5857,215/60/R17,104,2685,4435X1695X1705,7,4X2,FR,-,5,4,CKD,INA,7,5,5,-,-,-,1,6,2,1,-,-,"0,0%","0,0%",27
,,,,Gran Max BV 1.3,1298,MT,G,43,2000,5125,165R1308PR,88,2650,4045X1665X1900,2,4X2,FR,0,5,4,CKD,INA,866,768,624,41,-,1,28,457,574,698,783,400,"1,6%","1,3%",5.240
,,,,Gran Max MB 1.3 HI,1298,MT,G,43,1840,5125,165R1308PR,88,2650,4045X1665X1900,9,4X2,FR,0,5,4,CKD,INA,204,195,239,18,-,2,25,237,366,246,98,106,"0,5%","0,4%",1.736
,,,,Gran Max MB 1.3 HI  FF,1298,MT,G,43,1840,5125,165R1308PR,88,2650,4045X1665X1900,8,4X2,FR,0,5,4,CKD,INA,87,95,89,9,-,-,19,94,200,115,77,52,"0,3%","0,2%",837
,,,,Gran Max MB 1.5 HI,1500,MT,G,43,1840,4875,165R1308PR,88,2650,4045X1665X1900,9,4X2,FR,0,5,4,CKD,INA,116,114,123,12,-,1,16,87,169,105,30,47,"0,3%","0,2%",820
,,PT. Sokonindo Automobile,DFSK,GLORY 580 1.5T A/T CVT LUXURY,1498,AT,G,58,2035,0,226/60R17,150,2780,4680 X 1845 X 1715,7,4X2,FF,0,4,4,CKD,INA,-,2,-,-,7,-,-,-,-,-,-,-,"0,0%","0,0%",9
,,,,GLORY 580 1.5T A/T CVT COMFORT,1498,AT,G,58,2035,0,226/60R17,150,2780,4680 X 1845 X 1715,7,4X2,FF,0,4,4,CKD,INA,3,-,3,-,-,-,-,-,-,-,-,-,"0,0%","0,0%",6
,,,,GLORY 560 1.5T 6M/T BASIC,1498,MT,G,50,2005,0,215/60R17,150,2690,4515 X 1815 X 1735,7,4X2,FF,0,4,4,CKD,INA,54,124,-,-,-,-,-,-,-,-,-,-,"0,1%","0,0%",178
,,,,GLORY I0AUTO,1498,AT,EV,58,2035,0,225/60R17,150,2780,4680 X 1845 X 1715,7,4X2,FF,0,4,4,CKD,INA,1,10,-,55,87,-,-,-,-,-,-,-,"0,0%","0,0%",153
,,PT. Honda Prospect Motor,HONDA,All New  Jazz S,1497,AT,G,42,0,0,15 x 5 1/2J,120,2500,3900 x 1695 x 1525,5,4X2,FF,0,5,4,CKD,INA,-,-,-,-,-,-,-,-,-,60,-,-,"0,0%","0,0%",60
,,,,All New  Jazz RS,1497,MT,G,42,0,0,16 x 6J,120,2500,3920 x 1695 x 1525,5,4X2,FF,0,5,4,CKD,INA,180,240,180,-,-,-,60,-,-,60,180,60,"0,3%","0,2%",960
,,,,All New  Jazz RS,1497,AT,G,42,0,0,16 x 6J,120,2500,3920 x 1695 x 1525,5,4X2,FF,0,5,4,CKD,INA,1.140,900,780,235,-,-,5,-,-,660,480,180,"1,3%","1,1%",4.380
,,,,New  Mobilio S,1497,MT,G,42,0,0,15,118,2650,4386 x 1683 x 1603,7,4X2,FF,0,5,4,CKD,INA,600,420,943,137,-,-,-,-,-,-,-,120,"0,7%","0,6%",2.220
,,,,New  Mobilio E,1497,MT,G,42,0,0,15,118,2650,4386 x 1683 x 1603,7,4X2,FF,0,5,4,CKD,INA,300,420,240,89,31,-,-,-,-,-,-,60,"0,3%","0,3%",1.140
,,,,New  Mobilio E,1497,CVT,G,42,0,0,15,118,2650,4386 x 1683 x 1603,7,4X2,FF,0,5,4,CKD,INA,480,480,360,120,21,-,-,-,-,39,-,120,"0,5%","0,4%",1.620
,,,,New  Mobilio RS,1497,MT,G,42,0,0,15,118,2650,4386 x 1683 x 1603,7,4X2,FF,0,5,4,CKD,INA,60,120,-,-,-,-,-,-,-,-,-,-,"0,1%","0,0%",180
,,,,New  Mobilio RS,1497,CVT,G,42,0,0,15,118,2650,4386 x 1683 x 1603,7,4X2,FF,0,5,4,CKD,INA,180,180,240,-,-,-,-,-,-,60,-,60,"0,2%","0,2%",720
,,,,HR-V S,1497,MT,G,0,0,0,0,0,0,0,5,4X2,FF,0,5,4,CKD,INA,120,120,120,60,-,-,-,-,-,60,-,60,"0,2%","0,1%",540
,,,,HR-V S,1497,CVT,G,0,0,0,0,0,0,0,5,4X2,FF,0,5,4,CKD,INA,-,60,60,60,-,-,-,-,-,-,-,60,"0,1%","0,1%",240
,,,,HR-V E,1497,CVT,G,0,0,0,0,0,0,0,5,4X2,FF,0,5,4,CKD,INA,720,840,1.020,180,-,-,-,-,-,240,420,360,"1,2%","1,0%",3.780
,,,,HR-V E+,1497,CVT,G,0,0,0,0,0,0,0,5,4X2,FF,0,5,4,CKD,INA,1.482,1.533,1.407,348,-,-,-,-,-,969,1.038,1.014,"2,4%","2,0%",7.791
,,,,HR-V Prestige,1497,CVT,G,0,0,0,0,0,0,0,5,4X2,FF,0,5,4,CKD,INA,180,180,120,60,-,-,-,-,-,60,180,60,"0,3%","0,2%",840
,,,,BR-V E+,1500,MT,G,42,0,0,0,0,0,0,7,4X2,FF,0,5,4,CKD,INA,60,60,120,-,-,-,1,-,-,-,60,-,"0,1%","0,1%",301
,,,,BR-V E+,1500,CVT,G,42,0,0,0,0,0,0,7,4X2,FF,0,5,4,CKD,INA,120,180,120,-,-,-,-,-,-,60,60,60,"0,2%","0,2%",600
,,,,BR-V E PRESTIGE +,1500,CVT,G,42,0,0,0,0,0,0,7,4X2,FF,0,5,4,CKD,INA,180,120,240,-,-,-,1,-,-,-,60,-,"0,2%","0,2%",601
,,,,All New  CR-V Prestige,1500,AT,G,0,0,0,0,0,0,0,0,4X2,FF,0,5,4,CKD,INA,780,721,660,180,-,-,-,-,-,541,600,720,"1,3%","1,1%",4.202
,,,,All New  CR-V,1500,AT,G,0,1509,0,0,0,0,0,7,4X2,FF,0,5,4,CKD,INA,180,180,61,-,-,-,-,-,-,60,180,120,"0,2%","0,2%",781
,,,,Brio RS,1198,MT,G,35,960,0,0,88,2345,3610 x 1680 x 1485,5,4X2,FF,0,4,4,CKD,INA,360,360,300,180,-,-,-,360,240,300,360,240,"0,8%","0,7%",2.700
,,,,Brio RS,1198,AT,G,35,960,0,0,88,2345,3610 x 1680 x 1485,5,4X2,FF,0,4,4,CKD,INA,1.320,1.080,900,480,-,-,-,660,1.080,840,720,1.080,"2,5%","2,1%",8.160
,,PT. Mitsubishi Motors Krama Yudha Indonesia,MITSUBISHI MOTORS,Xpander 1.5L Ultimate (4X2) A/T,1499,AT,G,45,1780,4375,205/55 R16,104,2775,4475 X 1750 X 1700,7,4X2,FF,0,4,4,CKD,INA,1.504,6,431,348,-,-,4,130,304,43,-,-,"0,8%","0,7%",2.770
,,,,Xpander 1.5L Sport (4X2) A/T,1499,AT,G,45,1780,4375,205/55 R16,104,2775,4475 X 1750 X 1700,7,4X2,FF,0,4,4,CKD,INA,1.317,9,185,180,-,-,3,84,189,2,-,-,"0,6%","0,5%",1.969
,,,,Xpander 1.5L Sport (4X2) M/T,1499,MT,G,45,1780,4375,205/55 R16,104,2775,4475 X 1750 X 1700,7,4X2,FF,0,4,4,CKD,INA,1.222,153,234,190,-,-,1,70,3,-,-,-,"0,6%","0,5%",1.873
,,,,Xpander 1.5L Exceed (4X2) A/T,1499,AT,G,45,1780,4375,205/55 R16,104,2775,4475 X 1750 X 1700,7,4X2,FF,0,4,4,CKD,INA,650,3,173,97,-,-,1,44,105,10,-,-,"0,3%","0,3%",1.083
,,,,Xpander 1.5L Exceed (4X2) M/T,1499,MT,G,45,1780,4812,205/55 R16,104,2775,4475 X 1750 X 1700,7,4X2,FF,0,4,4,CKD,INA,632,8,111,130,-,-,3,49,133,10,-,190,"0,4%","0,3%",1.266
,,,,Xpander 1.5L GLS (4X2) A/T,1499,AT,G,45,1780,4812,205/55 R16,104,2775,4475 X 1750 X 1700,7,4X2,FF,0,4,4,CKD,INA,188,61,39,11,-,-,285,-,14,5,-,-,"0,2%","0,2%",603
,,,,Xpander 1.5L GLS (4X2) M/T,1499,MT,G,45,1780,4812,185/65 R15,104,2775,4475 X 1750 X 1695,7,4X2,FF,0,4,4,CKD,INA,40,35,138,7,-,-,1,91,161,2,-,-,"0,1%","0,1%",475
,,,,Xpander 1.5L GLX (4X2) M/T,1499,MT,G,45,1780,4812,185/65 R15,104,2775,4475 X 1750 X 1695,7,4X2,FF,0,4,4,CKD,INA,70,25,77,3,-,-,314,4,-,-,-,-,"0,2%","0,1%",493
,,,,Xpander 1.5 2WD 4AT M YET,1499,AT,G,45,1780,4375,205/55 R16,104,2775,4475 X 1750 X 1700,7,4X2,FF,0,4,4,CKD,INA,-,-,75,-,-,-,-,-,-,-,-,-,"0,0%","0,0%",75
,,,,Xpander 1.5 2WD 4AT H YET,1499,AT,G,45,1780,4375,205/55 R16,104,2775,4475 X 1750 X 1700,7,4X2,FF,0,4,4,CKD,INA,-,-,675,-,-,-,-,-,-,-,-,-,"0,2%","0,2%",675
,,,,Xpander 1.5 2WD 5MT M VET,1499,MT,G,45,1780,4375,205/55 R16,104,2775,4475 X 1750 X 1700,7,4X2,FF,0,4,4,CKD,INA,434,1.487,1.153,335,-,-,4,119,13,536,1,-,"1,2%","1,0%",4.082
,,,,Xpander 1.5 2WD 4AT Q VET,1499,AT,G,45,1780,4375,205/55 R16,104,2775,4475 X 1750 X 1700,7,4X2,FF,0,4,4,CKD,INA,119,1.541,810,421,-,-,711,1.377,1.650,1.546,320,-,"2,6%","2,2%",8.495
,,,,Xpander 1.5 2WD 4AT P MMTH,1499,AT,G,45,1780,4375,205/55 R16,104,2775,4475 X 1750 X 1700,7,4X2,FF,0,4,4,CKD,INA,-,-,793,27,-,-,-,-,9,652,970,384,"0,9%","0,7%",2.835
,,,,Xpander 1.5 2WD 5MT M PHL,1499,MT,G,45,1780,4375,205/55 R16,104,2775,4475 X 1750 X 1700,7,4X2,FF,0,4,4,CKD,INA,169,249,298,22,-,-,193,7,450,248,68,175,"0,6%","0,5%",1.879
,,,,Xpander 1.5 2WD 4AT H PHL,1499,AT,G,45,1780,4375,205/55 R16,104,2775,4475 X 1750 X 1700,7,4X2,FF,0,4,4,CKD,INA,201,356,254,6,-,-,-,-,254,796,538,760,"1,0%","0,8%",3.165
,,,,Xpander 1.5 2WD 4AT P PHL,1499,AT,G,45,1780,4375,205/55 R16,104,2775,4475 X 1750 X 1700,7,4X2,FF,0,4,4,CKD,INA,530,1.101,908,37,-,-,-,-,-,-,-,-,"0,8%","0,7%",2.576
,,,,Xpander 1.5 2WD 4AT P+ PHL,1499,AT,G,45,1780,4375,205/55 R16,104,2775,4475 X 1750 X 1700,7,4X2,FF,0,4,4,CKD,INA,15,-,-,-,-,-,-,-,-,-,-,-,"0,0%","0,0%",15
,,,,Xpander 1.5 2WD 4AT M GEXP,1499,AT,G,45,1780,4375,205/55 R16,104,2775,4475 X 1750 X 1700,7,4X2,FF,0,4,4,CKD,INA,-,5,5,-,-,-,-,-,10,-,-,-,"0,0%","0,0%",20
,,,,Xpander 1.5 2WD 4AT H GEXP,1499,AT,G,45,1780,4375,205/55 R16,104,2775,4475 X 1750 X 1700,7,4X2,FF,0,4,4,CKD,INA,168,60,154,65,-,-,155,115,127,155,173,264,"0,4%","0,4%",1.436
,,,,Xpander 1.5 2WD 4AT Q BGD,1499,AT,G,45,1780,4375,205/55 R16,104,2775,4475 X 1750 X 1700,7,4X2,FF,0,4,4,CKD,INA,60,85,115,30,-,-,50,-,-,-,-,-,"0,1%","0,1%",340
,,,,Xpander 1.5 2WD 5MT M BGD,1499,MT,G,45,1780,4375,205/55 R16,104,2775,4475 X 1750 X 1700,7,4X2,FF,0,4,4,CKD,INA,-,-,5,-,-,-,-,-,28,-,-,-,"0,0%","0,0%",33
,,,,Xpander 1.5 2WD 4AT H MUS,1499,AT,G,45,1780,4375,205/55 R16,104,2775,4475 X 1750 X 1700,7,4X2,FF,0,4,4,CKD,INA,-,30,60,10,-,-,10,-,-,-,-,-,"0,0%","0,0%",110
,,,,Xpander 1.5 2WD 5MT H GEXP,1499,MT,G,45,1780,4375,205/55 R16,104,2775,4475 X 1750 X 1700,7,4X2,FF,0,4,4,CKD,INA,18,18,10,-,-,-,10,6,-,-,-,-,"0,0%","0,0%",62
,,,,Xpander Cross 1.5L PREMIUM (4X2) A/T,1499,AT,G,45,1840,4375,205/55 R17,105,2775,4500 X 1800 X 1750,7,4X2,FF,0,4,4,CKD,INA,2.575,61,1.766,100,-,-,-,65,4,205,971,106,"1,8%","1,5%",5.853
,,,,Xpander Cross 1.5L (4X2) A/T,1499,AT,G,45,1840,4375,205/55 R17,105,2775,4500 X 1800 X 1750,7,4X2,FF,0,4,4,CKD,INA,402,465,-,-,-,-,-,-,-,-,-,2,"0,3%","0,2%",869
,,,,Xpander Cross 1.5L (4X2) M/T,1499,MT,G,45,1840,4812,205/55 R17,105,2775,4500 X 1800 X 1750,7,4X2,FF,0,4,4,CKD,INA,640,112,153,-,-,-,-,7,183,35,141,196,"0,4%","0,4%",1.467
,,,,Xpander 1.5L (4X2) MT BLACK EDITION,1499,MT,G,45,1780,4812,205/55 R16,104,2775,4475 X 1750 X 1700,7,4X2,FF,0,4,4,CKD,INA,-,-,-,-,-,-,-,-,4,95,292,8,"0,1%","0,1%",399
,,,,Xpander 1.5L (4X2) AT BLACK EDITION,1499,AT,G,45,1780,4375,205/55 R16,104,2775,4475 X 1750 X 1700,7,4X2,FF,0,4,4,CKD,INA,-,-,-,-,-,-,-,-,3,103,289,3,"0,1%","0,1%",398
,,,,Xpander Croos 1.5L (4X2) BLACK EDITION,1499,AT,G,45,1840,4375,205/55 R17,105,2775,4500 X 1800 X 1750,7,4X2,FF,0,4,4,CKD,INA,-,-,-,-,-,-,-,-,173,320,1,-,"0,2%","0,1%",494
,,,,Xpander 1.5 2WD 4AT P+ PHL,1499,AT,G,45,1780,4375,205/55 R17,104,2775,4500 X 1750 X 1800,7,4X2,FF,0,4,4,CKD,INA,69,1.470,1.108,94,-,-,-,-,-,-,279,579,"1,1%","0,9%",3.599
,,,,Xpander 1.5 2WD 5MT M SN,1499,MT,G,45,1780,4375,205/55 R17,104,2775,4500 X 1750 X 1800,7,4X2,FF,0,4,4,CKD,INA,-,20,20,-,-,-,-,-,-,-,-,-,"0,0%","0,0%",40
,,,,Xpander 1.5 2WD 5MT M PE,1499,MT,G,45,1780,4375,205/55 R17,104,2775,4500 X 1750 X 1800,7,4X2,FF,0,4,4,CKD,INA,-,142,178,-,-,-,-,-,-,-,-,-,"0,1%","0,1%",320
,,,,Xpander 1.5 2WD 4AT H PE,1499,AT,G,45,1780,4375,205/55 R17,104,2775,4500 X 1750 X 1800,7,4X2,FF,0,4,4,CKD,INA,-,52,30,-,-,-,-,-,-,-,-,-,"0,0%","0,0%",82
,,,,Xpander 1.5 2WD 4AT P SN,1499,AT,G,45,1780,4375,205/55 R17,104,2775,4500 X 1750 X 1800,7,4X2,FF,0,4,4,CKD,INA,-,20,21,5,-,-,-,-,35,-,-,-,"0,0%","0,0%",81
,,,,Xpander 1.5 2WD 4AT P MMTH,1499,AT,G,45,1780,4375,205/55 R17,104,2775,4500 X 1750 X 1800,7,4X2,FF,0,4,4,CKD,INA,-,2.253,1.002,20,-,-,-,22,513,1.250,1.840,1.010,"2,4%","2,0%",7.910
,,,,Xpander 1.5 2WD 4AT Q VET,1499,AT,G,45,1780,4375,205/55 R17,104,2775,4500 X 1750 X 1800,7,4X2,FF,0,4,4,CKD,INA,-,568,248,356,-,-,7,246,295,688,290,874,"1,1%","0,9%",3.572
,,,,Xpander 1.5 2WD 4AT P NP,1499,AT,G,45,1780,4375,205/55 R17,104,2775,4500 X 1750 X 1800,7,4X2,FF,0,4,4,CKD,INA,-,-,20,10,-,-,6,-,-,-,-,-,"0,0%","0,0%",36
,,,,Xpander 1.5 2WD 4AT H GCC,1499,AT,G,45,1780,4375,205/55 R17,104,2775,4500 X 1750 X 1800,7,4X2,FF,0,4,4,CKD,INA,-,-,-,-,-,-,-,-,-,17,65,17,"0,0%","0,0%",99
,,,,Xpander 1.5 2WD 4AT M GCC,1499,AT,G,45,1780,4375,205/55 R17,104,2775,4500 X 1750 X 1800,7,4X2,FF,0,4,4,CKD,INA,-,-,-,-,-,-,-,-,-,8,70,23,"0,0%","0,0%",101
,,,,Xpander 1.5 2WD 4AT H SAU,1499,AT,G,45,1780,4375,205/55 R17,104,2775,4500 X 1750 X 1800,7,4X2,FF,0,4,4,CKD,INA,-,-,-,-,-,-,-,-,-,3,-,296,"0,1%","0,1%",299
,,,,Xpander 1.5 2WD 4AT M SAU,1499,AT,G,45,1780,4375,205/55 R17,104,2775,4500 X 1750 X 1800,7,4X2,FF,0,4,4,CKD,INA,-,-,-,-,-,-,-,-,-,2,-,-,"0,0%","0,0%",2
,,,,Livina E 1.5 (4x2) M/T,1499,MT,G,45,1780,4375,205/55 R16,104,2775,4475 X 1750 X 1700,7,4X2,FF,0,4,4,CKD,INA,8,-,-,-,-,-,-,-,-,-,-,-,"0,0%","0,0%",8
,,,,Livina VE 1.5 (4x2) A/T,1499,AT,G,45,1780,4375,205/55 R16,104,2775,4475 X 1750 X 1700,7,4X2,FF,0,4,4,CKD,INA,297,-,-,-,-,-,-,-,-,-,-,-,"0,1%","0,1%",297
,,,,Livina VL 1.5 (4x2) A/T,1499,AT,G,45,1780,4375,205/55 R16,104,2775,4475 X 1750 X 1700,7,4X2,FF,0,4,4,CKD,INA,1.206,71,-,-,-,-,-,-,-,-,-,-,"0,4%","0,3%",1.277
,,PT. Suzuki Indomobil Motor,SUZUKI,APV0GE,1495,MT,G,46,1950,4300,185/80 R14,105,2625,4225 X 1655 X 1855,8,4X2,FR,0,4,4,CKD,INA,235,308,122,100,70,-,50,129,80,29,85,1,"0,4%","0,3%",1.209
,,,,APV0GL,1495,MT,G,46,1950,4300,185/80 R14,105,2625,4225 X 1655 X 1855,8,4X2,FR,0,4,4,CKD,INA,127,136,127,26,-,-,66,63,84,110,83,60,"0,3%","0,2%",882
,,,,APV0GX,1495,MT,G,46,1950,4300,195/65 R15,105,2625,4225 X 1655 X 1855,8,4X2,FR,0,4,4,CKD,INA,173,140,163,33,-,-,81,40,29,83,53,60,"0,3%","0,2%",855
,,,,APV SGX,1495,MT,G,46,1950,4300,195/65 R15,105,2625,4225 X 1655 X 1855,7,4X2,FR,0,4,4,CKD,INA,56,75,81,14,1,-,45,26,53,65,55,50,"0,2%","0,1%",521
,,,,All New  Ertiga 02 GA,1462,MT,G,45,1765,4687,185/65 R15,92,2740,4265 X 1695 X 1685,7,4X2,FF,0,4,4,CKD,INA,111,168,153,38,10,64,-,-,10,30,97,103,"0,2%","0,2%",784
,,,,All New  Ertiga 02 GL MT,1462,MT,G,45,1765,4687,185/65 R15,92,2740,4265 X 1695 X 1685,7,4X2,FF,0,4,4,CKD,INA,824,599,370,113,27,203,95,-,255,352,404,347,"1,1%","0,9%",3.589
,,,,All New  Ertiga 02 GX MT,1462,MT,G,45,1775,4687,185/65 R15,92,2740,4265 X 1695 X 1685,7,4X2,FF,0,4,4,CKD,INA,328,83,161,79,25,167,2,-,201,59,149,205,"0,4%","0,4%",1.459
,,,,All New  Ertiga 02 GL AT,1462,AT,G,45,1775,4545,185/65 R15,92,2740,4265 X 1695 X 1685,7,4X2,FF,0,4,4,CKD,INA,616,562,369,115,35,226,211,-,152,209,161,44,"0,8%","0,7%",2.700
,,,,All New  Ertiga 02 GX AT,1462,AT,G,45,1765,4545,185/65 R15,92,2740,4325 X 1695 X 1685,7,4X2,FF,0,4,4,CKD,INA,1.378,1.654,975,211,50,514,330,-,476,162,673,162,"2,0%","1,7%",6.585
,,,,All New  Ertiga 02 SS MT,1462,MT,G,45,1775,4687,185/65 R15,92,2740,4325 X 1695 X 1685,7,4X2,FF,0,4,4,CKD,INA,162,7,-,2,1,6,28,32,42,40,21,24,"0,1%","0,1%",365
,,,,All New  Ertiga 02 SS AT,1462,AT,G,45,1855,4687,185/65 R15,92,2740,4265 X 1695 X 1685,7,4X2,FF,0,4,4,CKD,INA,169,2,-,9,5,17,47,53,70,70,60,70,"0,2%","0,1%",572
,,,,XL07 ZETA MT,1462,MT,G,45,1720,4353,195/65 R16,105,2740,4450 X 1775 X 1710,7,4X2,FF,0,4,4,CKD,INA,51,142,280,64,17,124,90,-,44,89,83,45,"0,3%","0,3%",1.029
,,,,XL07 ZETA AT,1462,AT,G,45,1730,4375,195/65 R16,105,2740,4450 X 1775 X 1710,7,4X2,FF,0,4,4,CKD,INA,67,234,320,79,18,139,74,-,12,17,85,40,"0,3%","0,3%",1.085
,,,,XL07 BETA MT,1462,MT,G,45,1720,4353,195/65 R16,105,2740,4450 X 1775 X 1710,7,4X2,FF,0,4,4,CKD,INA,740,485,669,80,18,176,79,-,45,110,159,112,"0,8%","0,7%",2.673
,,,,XL07 BETA AT,1462,AT,G,45,1730,4375,195/65 R16,105,2740,4450 X 1775 X 1710,7,4X2,FF,0,4,4,CKD,INA,1.218,1.478,1.487,320,105,1.338,2.682,2,1.897,1.915,1.075,987,"4,4%","3,7%",14.504
,,,,XL07 ALPHA MT,1462,MT,G,45,1720,4353,195/65 R16,105,2740,4450 X 1775 X 1710,7,4X2,FF,0,4,4,CKD,INA,69,112,104,97,31,114,65,116,201,164,138,54,"0,4%","0,3%",1.265
,,,,XL07 ALPHA AT,1462,AT,G,45,1730,4375,195/65 R16,105,2740,4450 X 1775 X 1710,7,4X2,FF,0,4,4,CKD,INA,255,315,313,148,111,183,186,355,559,408,309,268,"1,0%","0,9%",3.410
,,PT. Toyota Motor Mftg Indonesia,TOYOTA,YARIS G (HIGH GRADE),1500,MT,G,42,1030,4058,185/60R15,109 / 6000,2550,4115X1700X1475,5,4X2,FF,0,5,4,CKD,INA,-,10,7,-,-,-,-,1,14,9,4,1,"0,0%","0,0%",46
,,,,YARIS V (SPORT GRADE),1500,MT,G,42,1030,4058,185/60R15,109 / 6000,2550,4115X1700X1475,5,4X2,FF,0,5,4,CKD,INA,92,134,105,5,-,-,-,1,78,85,46,19,"0,2%","0,1%",565
,,,,YARIS G (HIGH GRADE),1500,CVT,G,42,1030,4058,185/60R15,109 / 6000,2550,4115X1700X1475,5,4X2,FF,0,5,4,CKD,INA,79,70,48,1,-,-,-,1,26,40,33,36,"0,1%","0,1%",334
,,,,YARIS V (SPORT GRADE),1500,CVT,G,42,1030,4058,185/60R15,109 / 6000,2550,4115X1700X1475,5,4X2,FF,0,5,4,CKD,INA,619,578,519,20,-,-,-,15,473,486,395,428,"1,1%","0,9%",3.533
,,,,Sienta 1.5 G M/T,1500,MT,G,0,0,0,185/60 R15,107 / 6000,0,4235X1695X1690,7,4X2,FR,5,5,4,CKD,INA,4,-,2,1,-,-,-,-,1,2,3,-,"0,0%","0,0%",13
,,,,Sienta 1.5 V M/T,1500,MT,G,0,0,0,185/60 R15,107 / 6000,0,4235X1695X1690,7,4X2,FR,5,5,4,CKD,INA,5,4,8,3,2,-,-,-,3,5,5,-,"0,0%","0,0%",35
,,,,Sienta 1.5 E M/T,1500,AT,G,0,0,0,185/60 R15,107 / 6000,0,4235X1695X1690,7,4X2,FR,5,5,4,CKD,INA,-,-,-,2,1,2,-,-,-,-,-,-,"0,0%","0,0%",5
,,,,Sienta 1.5 G M/T,1500,AT,G,0,0,0,185/60 R15,107 / 6000,0,4235X1695X1690,7,4X2,FR,5,5,4,CKD,INA,-,-,-,-,-,-,-,-,-,-,-,1,"0,0%","0,0%",1
,,,,Sienta 1.5 G M/T,1500,AT,G,0,0,0,185/60 R15,107 / 6000,0,4235X1695X1690,7,4X2,FR,5,5,4,CKD,INA,36,50,14,1,-,3,7,-,-,-,1,76,"0,1%","0,0%",188
,,,,Sienta 1.5 V M/T,1500,AT,G,0,0,0,185/60 R15,107 / 6000,0,4235X1695X1690,7,4X2,FR,5,5,4,CKD,INA,15,46,39,11,6,-,-,5,26,23,47,8,"0,1%","0,1%",226
,,,,Sienta 1.5 V M/T,1500,AT,G,0,0,0,185/60 R15,107 / 6000,0,4235X1695X1690,7,4X2,FR,5,5,4,CKD,INA,257,134,269,155,39,196,141,-,1,99,1,197,"0,5%","0,4%",1.489
,,,,Sienta 1.5 G M/T,1500,AT,G,0,0,0,185/60 R15,107 / 6000,0,4235X1695X1690,7,4X2,FR,5,5,4,CKD,INA,6,21,19,9,4,-,-,1,14,10,21,1,"0,0%","0,0%",106
,,,,AVANZA 1.3 E M/T (UK)+(P3),1300,MT,G,45,1085,4875,185/65R15,104 / 6000,2655,4140X1660X1695,7,4X2,FR,5,5,4,CKD,INA,814,1.245,890,55,-,7,62,18,1,-,146,184,"1,0%","0,9%",3.422
,,,,AVANZA 1.3 E M/T non ABS (XR)+(PX),1300,MT,G,45,1085,4875,185/65R15,104 / 6000,2655,4140X1660X1695,7,4X2,FR,5,5,4,CKD,INA,122,94,119,9,-,1,11,13,14,57,54,54,"0,2%","0,1%",548
,,,,AVANZA 1.3 Transmover M/T (EE)+(P4)+(5Z),1300,MT,G,45,1085,4875,185/65R15,104 / 6000,2655,4140X1660X1695,7,4X2,FR,5,5,4,CKD,INA,306,325,463,24,-,-,-,-,-,-,-,-,"0,3%","0,3%",1.118
,,,,AVANZA 1.3 E A/T (UU)+(V9),1300,AT,G,45,1085,4875,185/65R15,104 / 6000,2655,4140X1660X1695,7,4X2,FR,5,5,4,CKD,INA,114,123,118,10,-,2,13,4,55,70,53,72,"0,2%","0,2%",634
,,,,AVANZA 1.3 E A/T non ABS (XS)+(W2),1300,AT,G,45,1085,4875,185/65R15,104 / 6000,2655,4140X1660X1695,7,4X2,FR,5,5,4,CKD,INA,28,21,16,-,-,-,-,-,-,-,4,-,"0,0%","0,0%",69
,,,,AVANZA 1.3 G M/T (UQ)+(UQ)+(V5),1300,MT,G,45,1085,4875,185/65R15,104 / 6000,2655,4140X1660X1695,7,4X2,FR,5,5,4,CKD,INA,3.487,2.592,3.054,225,-,32,218,154,251,1.407,1.904,1.370,"4,5%","3,8%",14.694
,,,,AVANZA 1.3 G A/T (UV)+(W3),1300,A/T,G,45,1085,4875,185/65R15,104 / 6000,2655,4140X1660X1695,7,4X2,FR,5,5,4,CKD,INA,446,750,694,46,-,4,42,38,303,279,335,517,"1,1%","0,9%",3.454
,,,,AVANZA 1.3 M/T Veloz (UT)+(V8),1300,MT,G,45,1085,4875,185/65R15,104 / 6000,2655,4140X1660X1695,7,4X2,FR,5,5,4,CKD,INA,404,401,636,63,-,7,115,26,103,415,352,225,"0,8%","0,7%",2.747
,,,,AVANZA 1.3 A/T Veloz (UX)+(W5),1300,AT,G,45,1085,4875,185/65R15,104 / 6000,2655,4140X1660X1695,7,4X2,FR,5,5,4,CKD,INA,120,102,232,18,-,3,17,12,99,117,186,138,"0,3%","0,3%",1.044
,,,,AVANZA 1.5 G M/T (WQ)+(WQ)+2K,1500,MT,G,45,1085,4875,185/65R15,104 / 6000,2655,4140X1660X1695,7,4X2,FR,5,5,4,CKD,INA,55,73,55,10,-,1,15,7,49,42,39,21,"0,1%","0,1%",367
,,,,AVANZA 1.5 M/T Veloz (WS)+(2P)+(2P),1500,MT,G,45,1085,4875,185/65R15,104 / 6000,2655,4140X1660X1695,7,4X2,FR,5,5,4,CKD,INA,632,982,1.027,71,-,10,75,143,745,273,666,767,"1,7%","1,4%",5.391
,,,,AVANZA 1.5 A/T Veloz (WY)+(2V),1500,AT,G,45,1085,4875,185/65R15,104 / 6000,2655,4140X1660X1695,7,4X2,FR,5,5,4,CKD,INA,206,302,351,48,-,8,91,80,381,127,238,417,"0,7%","0,6%",2.249
,,,,AVANZA EXPORT,1500,0,G,45,1085,4875,185/65R15,104 / 6000,2655,4140X1660X1695,7,4X2,FR,5,5,4,CKD,INA,3.117,2.381,2.606,920,40,2.239,58,535,3.397,2.392,1.358,1.710,"6,4%","5,3%",20.753
,,,,TOWN / LITE,1500,MT,G,43,1840,4875,165R1308PR,88,2650,4045X1665X1900,9,4X2,FR,0,5,4,CKD,INA,1.037,1.280,1.249,311,8,707,788,747,1.773,1.973,1.529,1.761,"4,0%","3,4%",13.163
,,,,RUSH 1.5 G M/T (FB)+(FB),1500,MT,G,45,1200,5857,215/65R16,104 / 6000,2685,4435X1695X1705,7,4X2,FR,4,5,4,CKD,INA,363,252,237,25,-,5,39,170,152,219,72,141,"0,5%","0,4%",1.675
,,,,RUSH 1.5 G A/T (FL)+(FL),1500,AT,G,45,1200,5857,215/65R16,104 / 6000,2685,4435X1695X1705,7,4X2,FR,4,5,4,CKD,INA,180,115,66,14,-,4,33,148,155,261,103,91,"0,4%","0,3%",1.170
,,,,RUSH 1.5 S M/T (FA),1500,MT,G,45,1200,5857,215/65R16,104 / 6000,2685,4435X1695X1705,7,4X2,FR,4,5,4,CKD,INA,1.921,1.544,2.430,208,-,28,280,1.237,1.606,1.254,1.480,1.703,"4,2%","3,5%",13.691
,,,,RUSH 1.5 S A/T (FC),1500,A/T,G,45,1200,5857,215/65R16,104 / 6000,2685,4435X1695X1705,7,4X2,FR,4,5,4,CKD,INA,1.642,1.320,1.986,172,-,32,223,835,1.282,1.433,1.314,2.058,"3,8%","3,1%",12.297
,,,,RUSH 1.5 Export,1500,0,G,45,1200,5857,215/65R16,104 / 6000,2685,4435X1695X1705,7,4X2,FR,4,5,4,CKD,INA,4.337,4.795,3.595,1.068,33,1.576,2.298,1.942,2.661,2.738,5.523,4.264,"10,7%","8,9%",34.830
,,PT. SGMW INDONESIA,WULING,Confero S 1.5,1500,MT,G,42,"4,889",0,195/60 R15,107,2720,4493X1691X1715,7,4X2,FR,0,5,4,CKD,INA,242,458,700,260,-,-,-,77,-,-,-,1,"0,5%","0,4%",1.738
,,,,Confero S 1.5C,1500,MT,G,42,"4,889",0,195/60 R15,107,2720,4530X1691X1730,7,4X2,FR,0,5,4,CKD,INA,40,120,50,-,-,-,-,-,-,68,187,153,"0,2%","0,2%",618
,,,,Confero S 1.5L,1500,MT,G,42,"4,889",0,195/60 R15,107,2720,4530X1691X1730,7,4X2,FR,0,5,4,CKD,INA,69,200,85,-,-,-,-,-,-,55,300,11,"0,2%","0,2%",720
,,,,Confero S 1.5L ACT,1500,MT,G,42,0,"4,889",195/60 R15,107,2720,4530X1691X1730,0,4X2,FR,0,5,4,CKD,INA,30,30,50,-,-,-,-,2,-,50,30,-,"0,1%","0,0%",192
,,,,Cortez 1.5C T MT,1500,MT,G,0,0,0,0,0,0,0,0,0,0,0,5,4,CKD,INA,50,50,19,1,-,-,-,20,-,-,25,-,"0,1%","0,0%",165
,,,,Cortez 1.5C T CVT,1500,AT,G,52,0,4058,205/55 R16,129,2750,4780X1816X1755,0,4X2,FF,0,5,4,CKD,INA,40,202,25,5,-,-,-,-,-,-,10,46,"0,1%","0,1%",328
,,,,Cortez 1.5L T CVT,1500,AT,G,52,0,4058,205/55 R16,129,2750,4780X1816X1755,0,4X2,FF,0,5,4,CKD,INA,120,143,89,101,-,-,-,1,-,-,17,50,"0,2%","0,1%",521
,,,,Cortez 1.5L T CVT,1500,AT,G,52,0,4058,205/55 R16,129,2750,4780X1816X1755,0,4X2,FF,0,5,4,CKD,INA,-,-,-,-,-,-,288,-,-,-,50,52,"0,1%","0,1%",390
,,,,Formo 1.2 BV,1200,MT,G,42,0,"4,889",195/60 R15,107,2720,4530X1691X1730,0,4X2,FR,0,5,4,CKD,INA,22,77,-,-,-,-,98,52,-,-,-,70,"0,1%","0,1%",319
,,,,Formo 1.2,1200,MT,G,42,0,"4,889",195/60 R15,107,2720,4530X1691X1730,0,4X2,FR,0,5,4,CKD,INA,2,-,-,-,-,-,-,-,-,-,-,-,"0,0%","0,0%",2
,,,,Almaz 1.5E+ T CVT,1500,AT,G,0,0,0,0,0,0,0,0,4X2,FR,0,5,4,CKD,INA,425,-,1.014,4,-,-,-,-,-,40,90,1,"0,5%","0,4%",1.574
,,,,Almaz 1.5SE T CVT,1500,AT,G,0,0,0,0,0,0,0,0,4X2,FR,0,5,4,CKD,INA,50,-,-,-,-,-,-,-,-,17,114,50,"0,1%","0,1%",231
,,,,Almaz 1.5SE T MT,1500,MT,G,0,0,0,0,0,0,0,0,4X2,FR,0,5,4,CKD,INA,17,-,-,-,-,-,-,-,-,-,20,20,"0,0%","0,0%",57
,,,,Captiva 1.5 T LV1 + CVT (4x2) A/T,1500,MT,G,0,0,0,0,0,0,0,0,4X2,FR,0,5,4,CKD,INA,173,-,-,-,-,-,-,-,-,-,-,-,"0,1%","0,0%",173
,,,,Captiva 1.5 T LV2 + CVT (4x2) A/T,1500,MT,G,0,0,0,0,0,0,0,0,4X2,FR,0,5,4,CKD,INA,288,-,-,-,-,-,-,-,-,-,-,-,"0,1%","0,1%",288
,,,,Captiva 1.5 T LV0 CVT (4x2),1500,MT,G,0,0,0,0,0,0,0,0,4X2,FR,0,5,4,CKD,INA,15,-,-,-,-,-,-,-,-,-,-,-,"0,0%","0,0%",15
,CC 1.501 -  2.500 [G/D],PT. Gaya Motor,BMW,BMW X1,2000,AT,G,0,0,0,0,0,0,0,0,4X2,0,0,5,4,CKD,INA,12,-,48,-,-,24,-,24,23,1,-,63,"0,4%","0,0%",195
,,PT. Gaya Motor,MINI,Cooper,1600,AT,G,40,0,0,0,0,0,0,0,4X2,0,0,2,4,CKD,INA,1,20,70,-,-,6,43,22,6,11,13,1,"0,4%","0,0%",193
,,PT. Sokonindo Automobile,DFSK,GLORY 580 1.8 CVT LUXURY,1798,AT,G,58,1985,0,226/60R17,139,2780,4680 X 1845 X 1715,7,4X2,FF,0,4,4,CKD,INA,37,-,-,-,-,-,-,-,-,-,-,-,"0,1%","0,0%",37
,,PT. Honda Prospect Motor,HONDA,All New  CR-V,2000,AT,G,0,0,0,0,0,0,0,0,4X2,FF,0,5,4,CKD,INA,-,60,1,-,-,-,-,-,-,121,-,-,"0,4%","0,0%",182
,,PT. Hyundai Indonesia Mobil,HYUNDAI HIM,H01 2.4,2400,AT,G,70,3030,0,0,0,0,0,12,4X2,FR,0,4,4,CKD,INA,-,-,-,-,-,30,-,30,-,-,-,-,"0,1%","0,0%",60
,,,,H01 2.5 CRDi,2500,AT,D,70,3185,0,0,0,0,0,12,4X2,FR,0,4,4,CKD,INA,30,20,32,38,-,-,-,-,-,17,25,10,"0,3%","0,0%",172
,,,,Starex 2.5 CRDi,2500,MT,D,70,3030,0,0,0,0,0,10,4X2,FR,0,4,4,CKD,INA,30,28,2,-,-,30,-,-,30,-,-,-,"0,2%","0,0%",120
,,,,Starex 2.5 (Export),2500,MT,D,70,3030,0,0,0,0,0,10,4X2,FR,0,4,4,CKD,INA,137,115,11,39,7,2,112,8,-,-,80,114,"1,3%","0,2%",625
,,PT. Gaya Motor,ISUZU,Panther LM,2499,MT,D,55,2150,4100,205/65/R15,80,2685,"4,475 x 1,680 x 1,790",7,4X2,FR,0,5,4,CKD,INA,60,30,-,-,-,-,-,-,-,-,-,-,"0,2%","0,0%",90
,,,,Panther LV,2499,MT,D,55,2150,4100,205/65/R15,80,2685,"4,475 x 1,680 x 1,790",7,4X2,FR,0,5,4,CKD,INA,22,8,-,-,-,-,-,-,-,-,-,-,"0,1%","0,0%",30
,,,,Panther LS,2499,MT,D,55,2150,4100,205/65/R15,80,2685,"4,475 x 1,680 x 1,790",7,4X2,FR,0,5,4,CKD,INA,28,30,-,-,-,-,-,-,-,-,-,-,"0,1%","0,0%",58
,,,,Panther G Touring MT,2499,MT,D,55,2150,4100,205/65/R15,80,2685,"4,535 x 1,770 x 1,920",7,4X2,FR,0,5,4,CKD,INA,30,-,-,-,-,-,-,-,-,-,-,-,"0,1%","0,0%",30
,,PT. Mitsubishi Motors Krama Yudha Indonesia,MITSUBISHI MOTORS,Pajero SPORT 2.4L DAKAR (4x2) 8AT,2442,AT,D,68,2600,3692,265/60 R18,181,2800,4785 X 1815 X 1805,7,4X2,FR,0,4,4,CKD,INA,539,550,439,34,-,-,-,-,-,208,265,1,"4,1%","0,5%",2.036
,,,,Pajero SPORT 2.4L DAKAR (4x2) 8AT RF Black Edition,2442,AT,D,68,2600,3692,265/60 R18,181,2800,4785 X 1815 X 1805,7,4X2,FR,0,4,4,CKD,INA,-,-,-,-,-,-,168,84,192,147,7,-,"1,2%","0,2%",598
,,,,Pajero Sport 2.4L DAKAR Utimate (4x2) 8AT,2442,AT,D,68,2600,3692,265/60 R18,181,2800,4785 X 1815 X 1805,7,4X2,FR,0,4,4,CKD,INA,-,-,-,-,-,-,-,-,-,3,116,1,"0,2%","0,0%",120
,,,,"Pajero Sport 2.5L EXCEED (4x2) 5A""",2500,AT,D,70,2710,3692,265/60 R18,181,2800,4785 X 1815 X 1805,7,4X2,FR,0,4,4,CKD,INA,-,-,88,2,-,-,-,-,-,-,-,-,"0,2%","0,0%",90
,,PT. Mercedes Benz Indonesia,MERCEDES-BENZ PC,GLC 200 AMG ( FL ),1991,AT,G,66,2360,9,255/45 R20,184,2873,"4,656 x 2,096 x 1,639",5,4X2,FR,0,5,4,CKD,0,7,4,59,-,-,24,67,100,31,5,2,-,"0,6%","0,1%",299
,,PT. Suzuki Indomobil Motor,SUZUKI,APV0GE,1595,MT,G,46,1950,4300,185/80 R14,105,2625,4225 X 1655 X 1855,8,4X2,FR,0,4,4,CKD,INA,210,252,146,40,2,-,148,-,31,48,92,108,"2,2%","0,3%",1.077
,,,,APV0GL,1595,MT,G,46,1950,4300,185/80 R14,105,2625,4225 X 1655 X 1855,8,4X2,FR,0,4,4,CKD,INA,112,81,70,11,-,-,36,-,1,1,54,103,"0,9%","0,1%",469
,,,,APV0GX,1595,MT,G,46,1950,4300,195/65 R15,105,2625,4225 X 1655 X 1855,8,4X2,FR,0,4,4,CKD,INA,-,-,-,-,-,-,14,-,-,-,-,-,"0,0%","0,0%",14
,,,,APV SGX,1595,MT,G,46,1950,4300,195/65 R15,105,2625,4225 X 1655 X 1855,7,4X2,FR,0,4,4,CKD,INA,55,21,20,5,-,-,-,-,1,-,31,15,"0,3%","0,0%",148
,,PT. Toyota Motor Mftg Indonesia,TOYOTA,INNOVA,0,0,G,55,1640,0,205/65 R15,102 / 3600,2750,4585X1775X1750,7,4X2,FR,5,5,4,CKD,INA,9,1,29,12,29,10,1,-,-,-,-,-,"0,2%","0,0%",91
,,,,INNOVA,0,0,G,55,1640,0,205/65 R15,102 / 3600,2750,4585X1775X1750,7,4X2,FR,5,5,4,CKD,INA,-,-,-,-,-,-,-,-,-,51,83,186,"0,6%","0,1%",320
,,,,INNOVA,0,0,G,55,1640,0,205/65 R15,102 / 3600,2750,4585X1775X1750,7,4X2,FR,5,5,4,CKD,INA,171,189,141,15,5,-,166,94,-,-,-,-,"1,6%","0,2%",781
,,,,INNOVA,0,0,G,55,1640,0,205/65 R15,102 / 3600,2750,4585X1775X1750,7,4X2,FR,5,5,4,CKD,INA,853,552,858,73,18,1,438,525,-,-,-,-,"6,7%","0,8%",3.318
,,,,INNOVA,0,0,G,55,1640,0,205/65 R15,102 / 3600,2750,4585X1775X1750,7,4X2,FR,5,5,4,CKD,INA,-,-,-,-,-,-,-,-,33,260,498,592,"2,8%","0,4%",1.383
,,,,INNOVA,0,0,G,55,1640,0,205/65 R15,102 / 3600,2750,4585X1775X1750,7,4X2,FR,5,5,4,CKD,INA,360,225,358,32,10,-,65,-,-,-,-,-,"2,1%","0,3%",1.050
,,,,INNOVA,0,0,G,55,1640,0,205/65 R15,102 / 3600,2750,4585X1775X1750,7,4X2,FR,5,5,4,CKD,INA,-,-,-,-,-,-,-,-,8,418,746,911,"4,2%","0,5%",2.083
,,,,INNOVA,0,0,G,55,1640,0,205/65 R15,102 / 3600,2750,4585X1775X1750,7,4X2,FR,5,5,4,CKD,INA,370,743,598,56,15,2,778,405,-,-,-,-,"6,0%","0,8%",2.967
,,,,INNOVA,0,0,G,55,1640,0,205/65 R15,102 / 3600,2750,4585X1775X1750,7,4X2,FR,5,5,4,CKD,INA,-,-,-,-,-,-,-,-,3,5,10,5,"0,0%","0,0%",23
,,,,INNOVA,0,0,G,55,1640,0,205/65 R15,102 / 3600,2750,4585X1775X1750,7,4X2,FR,5,5,4,CKD,INA,832,957,888,87,25,3,965,622,-,-,-,-,"8,8%","1,1%",4.379
,,,,INNOVA,0,0,G,55,1640,0,205/65 R15,102 / 3600,2750,4585X1775X1750,7,4X2,FR,5,5,4,CKD,INA,-,-,-,-,-,-,-,-,17,371,647,514,"3,1%","0,4%",1.549
,,,,INNOVA,0,0,G,55,1640,0,205/65 R15,102 / 3600,2750,4585X1775X1750,7,4X2,FR,5,5,4,CKD,INA,53,46,58,8,2,11,85,-,50,53,51,49,"0,9%","0,1%",466
,,,,INNOVA,0,0,G,55,1640,0,205/65 R15,102 / 3600,2750,4585X1775X1750,7,4X2,FR,5,5,4,CKD,INA,-,12,30,18,8,29,-,-,2,75,81,55,"0,6%","0,1%",310
,,,,INNOVA,0,0,G,55,1640,0,205/65 R15,102 / 3600,2750,4585X1775X1750,7,4X2,FR,5,5,4,CKD,INA,30,24,27,-,-,-,10,-,-,-,-,-,"0,2%","0,0%",91
,,,,INNOVA,0,0,G,55,1640,0,205/65 R15,102 / 3600,2750,4585X1775X1750,7,4X2,FR,5,5,4,CKD,INA,-,-,-,-,-,-,-,-,45,70,44,5,"0,3%","0,0%",164
,,,,INNOVA,0,0,G,55,1640,0,205/65 R15,102 / 3600,2750,4585X1775X1750,7,4X2,FR,5,5,4,CKD,INA,43,30,30,5,1,3,6,5,-,-,-,-,"0,2%","0,0%",123
,,,,INNOVA,0,0,G,55,1640,0,205/65 R15,102 / 3600,2750,4585X1775X1750,7,4X2,FR,5,5,4,CKD,INA,-,-,-,1,-,-,-,-,-,-,-,-,"0,0%","0,0%",1
,,,,INNOVA,0,0,G,55,1640,0,205/65 R15,102 / 3600,2750,4585X1775X1750,7,4X2,FR,5,5,4,CKD,INA,46,1,16,8,15,10,3,-,11,48,101,47,"0,6%","0,1%",306
,,,,INNOVA,0,0,G,55,1640,0,205/65 R15,102 / 3600,2750,4585X1775X1750,7,4X2,FR,5,5,4,CKD,INA,133,148,117,11,1,-,26,-,-,-,-,-,"0,9%","0,1%",436
,,,,INNOVA,0,0,G,55,1640,0,205/65 R15,102 / 3600,2750,4585X1775X1750,7,4X2,FR,5,5,4,CKD,INA,498,829,588,92,31,10,91,76,111,321,556,432,"7,3%","0,9%",3.635
,,,,INNOVA,0,0,G,55,1640,0,205/65 R15,102 / 3600,2750,4585X1775X1750,7,4X2,FR,5,5,4,CKD,INA,203,128,119,16,7,3,29,-,5,288,308,299,"2,8%","0,4%",1.405
,,,,INNOVA,0,0,G,55,1640,0,205/65 R15,102 / 3600,2750,4585X1775X1750,7,4X2,FR,5,5,4,CKD,INA,291,250,149,29,9,-,53,-,-,-,-,-,"1,6%","0,2%",781
,,,,INNOVA,0,0,G,55,1640,0,205/65 R15,102 / 3600,2750,4585X1775X1750,7,4X2,FR,5,5,4,CKD,INA,379,566,717,87,17,2,92,-,10,373,499,378,"6,3%","0,8%",3.120
,,,,INNOVA,0,0,G,55,1640,0,205/65 R15,102 / 3600,2750,4585X1775X1750,7,4X2,FR,5,5,4,CKD,INA,-,-,-,-,-,-,-,-,1,-,2,16,"0,0%","0,0%",19
,,,,INNOVA,0,0,G,55,1640,0,205/65 R15,102 / 3600,2750,4585X1775X1750,7,4X2,FR,5,5,4,CKD,INA,3,3,3,1,-,2,-,-,-,-,-,-,"0,0%","0,0%",12
,,,,INNOVA,0,0,G,55,1640,0,205/65 R15,102 / 3600,2750,4585X1775X1750,7,4X2,FR,5,5,4,CKD,INA,-,-,-,-,-,-,-,-,-,-,1,-,"0,0%","0,0%",1
,,,,INNOVA,0,0,G,55,1640,0,205/65 R15,102 / 3600,2750,4585X1775X1750,7,4X2,FR,5,5,4,CKD,INA,-,-,-,1,2,4,1,-,-,-,-,-,"0,0%","0,0%",8
,,,,INNOVA,0,0,G,55,1640,0,205/65 R15,102 / 3600,2750,4585X1775X1750,7,4X2,FR,5,5,4,CKD,INA,-,-,-,-,-,-,-,-,-,-,1,28,"0,1%","0,0%",29
,,,,INNOVA,0,0,G,55,1640,0,205/65 R15,102 / 3600,2750,4585X1775X1750,7,4X2,FR,5,5,4,CKD,INA,9,10,7,-,-,-,-,-,-,-,-,-,"0,1%","0,0%",26
,,,,INNOVA,0,0,G,55,1640,0,205/65 R15,102 / 3600,2750,4585X1775X1750,7,4X2,FR,5,5,4,CKD,INA,389,388,275,91,37,126,350,14,100,217,208,195,"4,8%","0,6%",2.390
,,,,INNOVA,0,0,G,55,1640,0,205/65 R15,102 / 3600,2750,4585X1775X1750,7,4X2,FR,5,5,4,CKD,INA,20,30,30,-,-,-,25,-,-,-,-,-,"0,2%","0,0%",105
,,,,INNOVA,0,0,G,55,1640,0,205/65 R15,102 / 3600,2750,4585X1775X1750,7,4X2,FR,5,5,4,CKD,INA,44,67,31,6,-,7,28,-,-,-,-,-,"0,4%","0,0%",183
,,,,FORTUNER,2400,MT,D,80,0,4100,265 / 60 R18,149.3 / 3400,2745,4795x1855x1835,7,4X2,FR,0,5,4,CKD,INA,241,118,139,3,3,154,-,-,-,-,-,-,"1,3%","0,2%",658
,,,,FORTUNER,2400,AT,D,80,0,4100,265 / 60 R18,149.3 / 3400,2745,4795x1855x1835,7,4X2,FR,0,5,4,CKD,INA,386,248,192,2,5,188,-,-,-,-,-,-,"2,1%","0,3%",1.021
,,,,FORTUNER,2400,AT,D,80,0,4100,265 / 60 R18,149.3 / 3400,2745,4795x1855x1835,7,4X2,FR,0,5,4,CKD,INA,1.168,615,598,16,20,604,-,-,-,-,-,-,"6,1%","0,8%",3.021
,,,,FORTUNER,2400,AT,D,80,0,4100,265 / 60 R18,149.3 / 3400,2745,4795x1855x1835,7,4X2,FR,0,5,4,CKD,INA,28,80,49,29,7,61,-,-,-,-,-,-,"0,5%","0,1%",254
,,,,FORTUNER,2400,AT,D,80,0,4100,265 / 60 R18,149.3 / 3400,2745,4795x1855x1835,7,4X2,FR,0,5,4,CKD,INA,967,1.420,1.551,843,185,684,317,-,-,-,-,-,"12,1%","1,5%",5.967
,,,,FORTUNER,2400,AT,D,80,0,4100,265 / 60 R18,149.3 / 3400,2745,4795x1855x1835,7,4X2,FR,0,5,4,CKD,INA,16,31,43,20,5,32,-,-,-,-,-,-,"0,3%","0,0%",147
,,,,FORTUNER,2400,AT,D,80,0,4100,265 / 60 R18,149.3 / 3400,2745,4795x1855x1835,7,4X2,FR,0,5,4,CKD,INA,20,52,47,19,4,58,-,-,-,-,-,-,"0,4%","0,1%",200
,,PT.SGMW Iindonesia,WULING,Cortez 1.8C AT,1800,AT,G,52,0,4058,205/55 R16,129,2750,4780X1816X1755,7,4X2,FF,0,5,4,CKD,INA,-,2,17,3,-,-,-,-,-,-,-,-,"0,0%","0,0%",22
,CC 2.501 - 3.000  [G],PT. Toyota Motor Mftg Indonesia,TOYOTA,FORTUNER,0,0,G,80,0,4100,265 / 60 R18,149.3 / 3400,2745,4795x1855x1835,7,4X2,FR,0,5,4,CKD,INA,-,-,-,4,-,13,-,-,-,-,-,-,"0,1%","0,0%",17
,,,,FORTUNER,0,0,G,80,0,4100,265 / 60 R18,149.3 / 3400,2745,4795x1855x1835,7,4X2,FR,0,5,4,CKD,INA,2,6,4,2,1,5,-,-,-,-,-,-,"0,1%","0,0%",20
,,,,FORTUNER,0,0,G,80,0,4100,265 / 60 R18,149.3 / 3400,2745,4795x1855x1835,7,4X2,FR,0,5,4,CKD,INA,26,43,70,22,29,34,-,-,-,-,-,-,"1,5%","0,1%",224
,,,,FORTUNER,0,0,G,80,0,4100,265 / 60 R18,149.3 / 3400,2745,4795x1855x1835,7,4X2,FR,0,5,4,CKD,INA,52,39,29,17,5,43,-,-,-,-,-,-,"1,3%","0,0%",185
,,,,FORTUNER,0,0,G,80,0,4100,265 / 60 R18,149.3 / 3400,2745,4795x1855x1835,7,4X2,FR,0,5,4,CKD,INA,-,-,-,-,-,-,3,24,93,78,86,38,"2,2%","0,1%",322
,,,,FORTUNER,0,0,G,80,0,4100,265 / 60 R18,149.3 / 3400,2745,4795x1855x1835,7,4X2,FR,0,5,4,CKD,INA,-,-,-,-,-,-,1,1,9,9,7,8,"0,2%","0,0%",35
,,,,FORTUNER,0,0,G,80,0,4100,265 / 60 R18,149.3 / 3400,2745,4795x1855x1835,7,4X2,FR,0,5,4,CKD,INA,11,16,8,4,1,6,-,-,-,-,-,-,"0,3%","0,0%",46
,,,,FORTUNER,0,0,G,80,0,4100,265 / 60 R18,149.3 / 3400,2745,4795x1855x1835,7,4X2,FR,0,5,4,CKD,INA,-,-,5,4,3,10,-,-,-,-,-,-,"0,1%","0,0%",22
,,,,FORTUNER,2700,AT,G,80,0,4100,265 / 60 R18,149.3 / 3400,2745,4795x1855x1835,7,4X2,FR,0,5,4,CKD,INA,31,11,16,-,-,5,-,-,-,-,-,-,"0,4%","0,0%",63
,,,,FORTUNER,2700,AT,G,80,0,4100,265 / 60 R18,149.3 / 3400,2745,4795x1855x1835,7,4X2,FR,0,5,4,CKD,INA,363,325,307,201,40,348,-,-,-,-,-,-,"10,8%","0,4%",1.584
,,,,FORTUNER,2700,AT,G,80,0,4100,265 / 60 R18,149.3 / 3400,2745,4795x1855x1835,7,4X2,FR,0,5,4,CKD,INA,40,36,27,-,2,30,-,-,-,-,-,-,"0,9%","0,0%",135
,,,,FORTUNER,2700,AT,G,80,0,4100,265 / 60 R18,149.3 / 3400,2745,4795x1855x1835,7,4X2,FR,0,5,4,CKD,INA,221,153,140,40,13,27,-,-,-,-,-,-,"4,0%","0,2%",594
,,,,FORTUNER,2700,AT,G,80,0,4100,265 / 60 R18,149.3 / 3400,2745,4795x1855x1835,7,4X2,FR,0,5,4,CKD,INA,2,9,10,3,2,7,-,-,-,-,-,-,"0,2%","0,0%",33
,,,,FORTUNER,2700,AT,G,80,0,4100,265 / 60 R18,149.3 / 3400,2745,4795x1855x1835,7,4X2,FR,0,5,4,CKD,INA,58,94,49,30,7,43,-,-,-,-,-,-,"1,9%","0,1%",281
,,,,FORTUNER,0,0,G,80,0,4100,265 / 60 R18,149.3 / 3400,2745,4795x1855x1835,7,4X2,FR,0,5,4,CKD,INA,-,-,-,-,-,-,1,-,-,-,-,-,"0,0%","0,0%",1
,,,,FORTUNER,0,0,G,80,0,4100,265 / 60 R18,149.3 / 3400,2745,4795x1855x1835,7,4X2,FR,0,5,4,CKD,INA,-,-,-,-,-,-,8,192,6,98,100,124,"3,6%","0,1%",528
,,,,FORTUNER,0,0,G,80,0,4100,265 / 60 R18,149.3 / 3400,2745,4795x1855x1835,7,4X2,FR,0,5,4,CKD,INA,-,-,-,-,-,-,18,475,308,521,522,490,"15,9%","0,6%",2.334
,,,,FORTUNER,0,0,G,80,0,4100,265 / 60 R18,149.3 / 3400,2745,4795x1855x1835,7,4X2,FR,0,5,4,CKD,INA,-,-,-,-,-,-,1,27,52,1,19,-,"0,7%","0,0%",100
,,,,FORTUNER,0,0,G,80,0,4100,265 / 60 R18,149.3 / 3400,2745,4795x1855x1835,7,4X2,FR,0,5,4,CKD,INA,-,-,-,-,-,-,10,247,62,262,264,229,"7,3%","0,3%",1.074
,,,,FORTUNER,0,0,G,80,0,4100,265 / 60 R18,149.3 / 3400,2745,4795x1855x1835,7,4X2,FR,0,5,4,CKD,INA,-,-,-,-,-,-,-,2,-,36,34,21,"0,6%","0,0%",93
,,,,FORTUNER,0,0,G,80,0,4100,265 / 60 R18,149.3 / 3400,2745,4795x1855x1835,7,4X2,FR,0,5,4,CKD,INA,-,-,-,-,-,-,1,30,227,844,1.053,1.552,"25,2%","0,9%",3.707
,,,,FORTUNER,0,0,G,80,0,4100,265 / 60 R18,149.3 / 3400,2745,4795x1855x1835,7,4X2,FR,0,5,4,CKD,INA,-,-,-,-,-,-,4,42,29,36,43,33,"1,3%","0,0%",187
,,,,FORTUNER,0,0,G,80,0,4100,265 / 60 R18,149.3 / 3400,2745,4795x1855x1835,7,4X2,FR,0,5,4,CKD,INA,-,-,-,-,-,-,1,1,-,8,1,10,"0,1%","0,0%",21
,,,,FORTUNER,0,0,G,80,0,4100,265 / 60 R18,149.3 / 3400,2745,4795x1855x1835,7,4X2,FR,0,5,4,CKD,INA,-,-,-,-,-,-,1,34,397,158,234,252,"7,3%","0,3%",1.076
,,,,FORTUNER,0,0,G,80,0,4100,265 / 60 R18,149.3 / 3400,2745,4795x1855x1835,7,4X2,FR,0,5,4,CKD,INA,-,-,-,-,-,-,-,1,33,24,33,11,"0,7%","0,0%",102
,,,,FORTUNER,0,0,G,80,0,4100,265 / 60 R18,149.3 / 3400,2745,4795x1855x1835,7,4X2,FR,0,5,4,CKD,INA,-,-,-,-,-,-,-,2,103,64,32,54,"1,7%","0,1%",255
,,,,FORTUNER,0,0,G,80,0,4100,265 / 60 R18,149.3 / 3400,2745,4795x1855x1835,7,4X2,FR,0,5,4,CKD,INA,-,-,-,-,-,-,-,5,-,12,6,3,"0,2%","0,0%",26
,,,,FORTUNER,0,0,G,80,0,4100,265 / 60 R18,149.3 / 3400,2745,4795x1855x1835,7,4X2,FR,0,5,4,CKD,INA,-,-,-,-,-,-,-,11,37,56,77,67,"1,7%","0,1%",248
,,,,FORTUNER,2700,AT,G,80,0,4100,265 / 60 R18,149.3 / 3400,2745,4795x1855x1835,7,4X2,FR,0,5,4,CKD,INA,-,-,-,-,-,-,3,79,263,229,585,95,"8,5%","0,3%",1.254
,,,,FORTUNER,2700,AT,G,80,0,4100,265 / 60 R18,149.3 / 3400,2745,4795x1855x1835,7,4X2,FR,0,5,4,CKD,INA,-,-,-,-,-,-,5,-,10,10,61,59,"1,0%","0,0%",145
,,,,FORTUNER,0,0,G,80,0,4100,265 / 60 R18,149.3 / 3400,2745,4795x1855x1835,7,4X2,FR,0,5,4,CKD,INA,-,-,-,-,-,-,-,-,-,1,-,-,"0,0%","0,0%",1
4X4 TYPE,"CC 1.501 - 3.000 [G]
/ 2.500 [D]",PT. Gaya Motor,BMW,BMW X3,3000,AT,G,0,0,0,0,0,0,0,0,4X4,4WD,0,5,4,CKD,INA,72,21,2,-,-,1,-,1,-,-,-,20,"1,4%","1,0%",117
,,,,BMW X5,3000,AT,G,0,0,0,0,0,0,0,0,4X4,4WD,0,5,4,CKD,INA,23,44,29,15,-,36,59,30,47,3,24,40,"4,3%","2,9%",350
,,,,BMW X7,2998,AT,G,-,-,-,-,-,-,-,-,4X4,4WD,-,4,4,CKD,INA,-,-,-,-,-,-,-,-,-,14,15,14,"0,5%","0,4%",43
,,"PT. Mercedes Benz
Indonesia",MERCEDES-BENZ PC,GLE 450 (V167),2999,AT,G,85,3000,9,"275/45, 315/40 R21",367,2995,"4,924 x 2,157 x 1,795",7,4X4,4WD,0,5,4,CBU,0,4,-,11,-,-,34,16,13,38,20,30,13,"2,2%","1,5%",179
,,,,GLS 450 (X167),2996,AT,G,100,3250,9,295/40 R21,333,3075,"5,130 x 2,141 x 1,850",7,4X4,4WD,0,5,4,CKD,0,-,-,-,-,-,13,6,6,18,14,13,13,"1,0%","0,7%",83
,,PT. Mitsubishi Motors Krama Yudha Indonesia,MITSUBISHI MOTORS,Pajero Sport 2.4L DAKAR (4x4) 8AT,2442,AT,D,70,2710,3692,265/60 R18,181,2800,4785 X 1815 X 1805,7,4X4,4WD,0,4,4,CKD,INA,30,-,60,23,-,-,37,28,2,-,-,-,"2,2%","1,5%",180
,,,,Pajero Sport 2.4L DAKAR (4x4) 8AT,2500,MT,D,70,2710,3692,265/60 R18,181,2800,4785 X 1815 X 1805,7,4X4,4WD,0,4,4,CKD,INA,-,-,-,-,-,-,-,-,-,-,-,-,"0,0%","0,0%",-
,,,,Pajero Sport 2.5L GLX (4x4) 5MT,2477,AT,D,68,2710,4090,265/70 R16,136,2800,4785 X 1815 X 1800,7,4X4,4WD,0,4,4,CKD,INA,-,-,-,-,-,-,-,-,-,82,8,-,"1,1%","0,7%",90
,,PT. Toyota Motor Mftg Ind Indonesia,TOYOTA,FORTUNER,2400,AT,D,80,0,4100,265 / 60 R18,149.3 / 3400,2745,4795x1855x1835,7,4X4,FWD,0,5,4,CKD,INA,-,-,-,-,-,-,1,55,105,95,119,85,"5,6%","3,8%",460
,,,,FORTUNER,2400,AT,D,80,0,4100,265 / 60 R18,149.3 / 3400,2745,4795x1855x1835,7,4X4,FWD,0,5,4,CKD,INA,261,306,274,157,48,356,-,-,-,-,-,-,"17,1%","11,6%",1.402
,,,,FORTUNER,2400,MT,D,80,0,4100,265 / 60 R18,149.3 / 3400,2745,4795x1855x1835,7,4X4,FWD,0,5,4,CKD,INA,18,12,8,7,3,22,-,-,-,-,-,-,"0,9%","0,6%",70
,,,,FORTUNER,2400,MT,D,80,0,4100,265 / 60 R18,149.3 / 3400,2745,4795x1855x1835,7,4X4,FWD,0,5,4,CKD,INA,-,-,-,-,-,-,-,-,3,4,1,1,"0,1%","0,1%",9
,,,,FORTUNER,2400,AT,D,80,0,4100,265 / 60 R18,149.3 / 3400,2745,4795x1855x1835,7,4X4,FWD,0,5,4,CKD,INA,31,32,45,13,2,30,-,-,-,-,-,-,"1,9%","1,3%",153
,,,,FORTUNER,2400,MT,D,80,0,4100,265 / 60 R18,149.3 / 3400,2745,4795x1855x1835,7,4X4,FWD,0,5,4,CKD,INA,11,15,9,5,-,12,-,-,-,-,-,-,"0,6%","0,4%",52
,,,,FORTUNER,2400,MT,D,80,0,4100,265 / 60 R18,149.3 / 3400,2745,4795x1855x1835,7,4X4,FWD,0,5,4,CKD,INA,-,-,-,-,-,-,-,3,6,21,31,126,"2,3%","1,6%",187
,,,,FORTUNER,2700,AT,G,80,0,4100,265 / 60 R18,149.3 / 3400,2745,4795x1855x1835,7,4X4,FWD,0,5,4,CKD,INA,-,-,-,-,-,-,-,3,4,21,9,9,"0,6%","0,4%",46
,,,,FORTUNER,2700,MT,G,80,0,4100,265 / 60 R18,149.3 / 3400,2745,4795x1855x1835,7,4X4,FWD,0,5,4,CKD,INA,30,45,45,19,4,24,-,-,-,-,-,-,"2,0%","1,4%",167
,,,,FORTUNER,2700,AT,G,80,0,4100,265 / 60 R18,149.3 / 3400,2745,4795x1855x1835,7,4X4,FWD,0,5,4,CKD,INA,588,375,426,285,76,619,-,-,-,-,-,-,"28,9%","19,6%",2.369
,,,,FORTUNER,2700,AT,G,80,0,4100,265 / 60 R18,149.3 / 3400,2745,4795x1855x1835,7,4X4,FWD,0,5,4,CKD,INA,8,18,14,2,2,1,-,-,-,-,-,-,"0,5%","0,4%",45
,,,,FORTUNER,2700,AT,G,80,0,4100,265 / 60 R18,149.3 / 3400,2745,4795x1855x1835,7,4X4,FWD,0,5,4,CKD,INA,2,7,4,-,-,-,-,-,-,-,-,-,"0,2%","0,1%",13
,,,,FORTUNER,2700,0,0,80,0,4100,265 / 60 R18,149.3 / 3400,2745,4795x1855x1835,7,4X4,FWD,0,5,4,CKD,INA,-,-,-,-,-,-,34,26,5,15,26,2,"1,3%","0,9%",108
,,,,FORTUNER,2700,0,0,80,0,4100,265 / 60 R18,149.3 / 3400,2745,4795x1855x1835,7,4X4,FWD,0,5,4,CKD,INA,-,-,-,-,-,-,135,85,329,451,278,715,"24,3%","16,5%",1.993
,,,,FORTUNER,2400,MT,D,80,0,4100,265 / 60 R18,149.3 / 3400,2745,4795x1855x1835,7,4X4,FWD,0,5,4,CKD,INA,-,-,-,-,-,-,-,-,-,10,10,-,"0,2%","0,2%",20
,,,,FORTUNER,2700,AT,G,80,0,4100,265 / 60 R18,149.3 / 3400,2745,4795x1855x1835,7,4X4,FWD,0,5,4,CKD,INA,-,-,-,-,-,-,5,26,-,-,7,29,"0,8%","0,6%",67
,"CC > 3.001 [G]
/ 2.501 [D]",PT. Toyota Motor Mftg Indonesia,TOYOTA,FORTUNER,4000,AT,G,80,0,4100,265 / 60 R18,149.3 / 3400,2745,4795x1855x1835,7,4X4,FWD,0,5,4,CKD,INA,84,102,158,62,21,154,-,-,-,-,-,-,"15,1%","4,8%",581
,,,,FORTUNER,4000,AT,G,80,0,4100,265 / 60 R18,149.3 / 3400,2745,4795x1855x1835,7,4X4,FWD,0,5,4,CKD,INA,293,314,330,133,33,307,-,-,-,-,-,-,"36,5%","11,7%",1.410
,,,,FORTUNER,4000,AT,G,80,0,4100,265 / 60 R18,149.3 / 3400,2745,4795x1855x1835,7,4X4,FWD,0,5,4,CKD,INA,-,-,-,-,-,-,42,44,26,33,76,74,"7,6%","2,4%",295
,,,,FORTUNER,4000,AT,G,80,0,4100,265 / 60 R18,149.3 / 3400,2745,4795x1855x1835,7,4X4,FWD,0,5,4,CKD,INA,-,-,-,-,-,-,18,77,217,178,277,263,"26,7%","8,5%",1.030
,,,,FORTUNER,3000,AT,D,80,0,4100,265 / 60 R18,149.3 / 3400,2745,4795x1855x1835,7,4X4,FWD,0,5,4,CKD,INA,101,58,48,1,1,79,-,-,-,-,-,-,"7,5%","2,4%",288
,,,,FORTUNER,4000,AT,G,80,0,4100,265 / 60 R18,149.3 / 3400,2745,4795x1855x1835,7,4X4,FWD,0,5,4,CKD,INA,-,-,-,-,-,-,-,-,-,1,-,-,"0,0%","0,0%",1
,,,,FORTUNER,4000,AT,G,80,0,4100,265 / 60 R18,149.3 / 3400,2745,4795x1855x1835,7,4X4,FWD,0,5,4,CKD,INA,-,-,-,-,-,-,-,-,-,9,16,16,"1,1%","0,3%",41
,,,,FORTUNER,3000,MT,D,80,0,4100,265 / 60 R18,149.3 / 3400,2745,4795x1855x1835,7,4X4,FWD,0,5,4,CKD,INA,-,26,31,13,3,29,-,-,-,-,-,-,"2,6%","0,8%",102
,,,,FORTUNER,4000,AT,G,80,0,4100,265 / 60 R18,149.3 / 3400,2745,4795x1855x1835,7,4X4,FWD,0,5,4,CKD,INA,-,-,-,-,-,-,1,-,-,43,44,24,"2,9%","0,9%",112
BUS,GVW 5 - 10 Ton [G/D],"PT. Hino Motor
Manufacturing Indonesia",HINO,FB2WGLZ0EN (FB130),4009,MT,D,0,8000,0,0,0,0,0,0,4X2,FR,0,2,6,CKD,INA,-,18,12,19,11,-,18,-,6,-,6,12,"8,0%","4,9%",102
,,,,WU302R0HRMLHD8 1100SDB(110SDB) LOT YM,4009,MT,D,0,5200,0,0,0,0,0,0,4X2,FR,0,2,4,CKD,INA,-,-,-,5,-,-,-,-,-,-,-,10,"1,2%","0,7%",15
,,,,WU342R0HRMLHD8 (110SD0BL04.6) LOT YU,4009,MT,D,0,5200,0,0,0,0,0,0,4X2,FR,0,2,4,CKD,INA,30,35,165,20,10,-,-,-,30,-,35,10,"26,2%","16,1%",335
,,,,WU352R0HKMRJD8 (130MD0BL05.1) LOT ZP,4009,MT,D,0,5200,2,4,0,0,0,0,4X2,FR,0,2,4,CKD,INA,15,5,-,-,-,5,-,-,10,-,-,10,"3,5%","2,2%",45
,,"PT. Krama Yuda
Ratu Motor",MITSUBISHI FUSO,FE 71 BC 0 4 W,3908,MT,D,70,5200,4875,"7,50015012PR",110,2500,4890 X 1750 X 2055,3,4X2,FR,116,3,4,CKD,INA,105,84,72,18,-,2,31,4,4,8,-,-,"25,6%","15,8%",328
,,,,FE 84G BC 0 6 W,3908,MT,D,100,8000,6166,"7,50016014PR",136,3350,6050 X 2035 X 2210,3,4X2,FR,112,3,6,CKD,INA,168,48,48,-,-,-,-,48,-,72,48,24,"35,6%","22,0%",456
,GVW 10 - 24 Ton [G/D],"PT. Hino Motor
Manufacturing Indonesia",HINO,AK8JRKA0FCJ (A215),7684,MT,D,0,14200,0,0,0,0,0,0,4X2,FR,0,2,6,CKD,INA,-,-,12,6,-,-,-,-,-,-,-,-,"2,3%","0,9%",18
,,,,RK8JSKA0NHJ (R260),7684,MT,D,0,14200,0,0,0,0,0,0,4X2,FR,0,2,6,CKD,INA,120,150,96,42,12,18,-,-,-,-,-,-,"55,1%","21,1%",438
,,,,FC9JNKA0NNJB,7684,MT,D,0,15100,0,0,0,0,0,0,4X2,FR,0,2,6,CKD,INA,6,18,18,6,-,24,-,-,-,-,-,-,"9,1%","3,5%",72
,,,,RN8JSPA0SJJ,7684,MT,D,0,16000,0,0,0,0,0,0,4X2,FR,0,2,6,CKD,INA,-,18,18,-,-,6,-,-,-,-,-,-,"5,3%","2,0%",42
,,PT Daimler Commercial Vehicles Indonesia,MERCEDES-BENZ CV,OH 1526,6374,MT,D,300,15000,.700 0 0.7,11.00 R 22.5,260,5950,11500 x 2498,0,4X2,RR,120,0,4,CKD,INA,24,-,-,-,-,-,-,-,-,-,-,-,"3,0%","1,2%",24
,,,,OH 1626 L MT,6374,MT,D,300,16000,.700 0 0.7,11.00 R 22.5,260,5950,12000 x 2498,0,4X2,RR,120,0,4,CKD,INA,50,72,48,-,-,-,-,17,7,-,-,-,"24,4%","9,3%",194
,,,,OH 1626 L AT,6374,AT,D,300,16000,3.49 0 0.6,11.00 R 22.5,260,5950,12000 x 2498,0,4X2,RR,120,0,4,CKD,INA,1,-,-,-,-,-,-,-,-,-,-,-,"0,1%","0,0%",1
,,,,O 500 RS 1836,11967,MT,D,300,18000,.528 0 0.7,295 / 80 R 22.5,349,6300,12220 x 2458,0,4X2,RR,120,0,4,CKD,INA,6,-,-,-,-,-,-,-,-,-,-,-,"0,8%","0,3%",6
PICK UP,GVW < 5 Ton [G/D],PT. Astra Daihatsu Motor,DAIHATSU,Gran Max PU 1.3 STD,1298,MT,G,43,1950,5125,175R1308PR,88,2650,4149X1665X1850,3,4X2,FR,0,2,4,CKD,INA,785,879,952,82,-,11,79,134,286,489,593,572,"5,1%","3,6%",4.862
,,,,Gran Max PU 1.3 30WAY,1298,MT,G,43,1950,5125,175R1308PR,88,2650,4195X1675X1890,3,4X2,FR,0,2,4,CKD,INA,315,348,291,23,-,2,20,32,91,121,150,87,"1,6%","1,1%",1.480
,,,,Gran Max PU 1.3 Deckless,1298,MT,G,43,1950,5125,175R1308PR,88,2650,4195X1675X1890,3,4X2,FR,0,2,4,CKD,INA,58,53,-,-,-,-,-,-,-,-,-,-,"0,1%","0,1%",111
,,,,Gran Max PU 1.5 STD,1495,MT,G,43,2100,5125,175R1308PR,97,2650,4149X1665X1850,3,4X2,FR,0,2,4,CKD,INA,2.181,2.298,2.435,210,-,23,183,633,2.327,1.856,1.975,1.921,"16,8%","11,7%",16.042
,,,,Gran Max PU 1.5 30WAY,1495,MT,G,43,2100,5125,175R1308PR,97,2650,4149X1665X1850,3,4X2,FR,0,2,4,CKD,INA,302,316,263,12,-,2,8,29,58,90,98,69,"1,3%","0,9%",1.247
,,PT. Gaya Motor,ISUZU,Panther PU STD,2499,MT,D,51,1990,4100,1650R13C08PR,80,2680,"4,360 x 1,650 x 1,725",3,4X2,FR,0,2,4,CKD,INA,3,62,-,-,-,-,-,-,-,-,-,-,"0,1%","0,0%",65
,,,,Panther PU GD 3 Way,2499,MT,D,51,1990,4100,1650R13C08PR,80,2680,"4,655 x 1,820 x 1,790",3,4X2,FR,0,2,4,CKD,INA,-,60,-,-,-,-,-,-,-,-,-,-,"0,1%","0,0%",60
,,,,Traga,2499,MT,D,47,2540,0,0,0,0,0,0,4X2,0,0,2,4,CKD,INA,1.285,1.137,1.019,265,132,326,708,804,852,1.032,1.236,1.116,"10,4%","7,3%",9.912
,,PT. Mitsubishi Motors Krama Yudha Indonesia,MITSUBISHI MOTORS,L300 D P/U FLD,2500,MT,D,47,2450,5286,"7,0001408PR",74,2200,4170 X 1700 X 1845,3,4X2,FR,140,2,4,CKD,INA,1.843,1.437,1.780,231,-,-,193,396,918,1.847,1.971,1.661,"12,9%","9,0%",12.277
,,,,L300 D P/U STD,2500,MT,D,47,2450,5286,"7,0001408PR",74,2200,4170 X 1700 X 1845,3,4X2,FR,140,2,4,CKD,INA,450,330,300,30,-,-,147,3,150,207,385,308,"2,4%","1,7%",2.310
,,,,L300 D CC,2477,MT,D,47,2540,5286,"7,0001408PR",74,2200,4195 X 1695 X 1820,3,4X2,FR,0,2,4,CKD,INA,457,327,149,21,-,-,-,-,-,-,60,210,"1,3%","0,9%",1.224
,,PT. Suzuki Indomobil Motor,SUZUKI,New  Carry PU FD,1493,MT,G,42,2085,4875,175/70 R13,"78,8",1970,3875 X 1570 X 1915,3,4X2,FR,0,2,4,CKD,INA,3.934,3.862,3.867,744,10,-,918,287,3.552,2.757,4.303,4.506,"30,2%","21,0%",28.740
,,,,New  Carry PU WD,1493,MT,G,42,2085,4875,175/70 R13,"78,8",1970,3875 X 1570 X 1915,3,4X2,FR,0,5,4,CKD,INA,2.286,1.956,1.984,364,11,-,950,10,611,899,1.950,1.198,"12,8%","8,9%",12.219
,,,,New  Carry CH,1493,MT,G,42,2085,4875,175/70 R13,"78,8",1970,3875 X 1570 X 1915,3,4X2,FR,0,5,4,CKD,INA,842,718,623,179,3,13,237,53,68,404,414,456,"4,2%","2,9%",4.010
,,PT. Sokonindo Automobile,DFSK,DFSK DXK1021TYD1 1.3T AC STD (4X2) MT,1248,MT,D,55,2655,0,195R14C08PR,74,2750,4280 X 1810 X 1890,3,4X2,FR,0,2,4,CKD,INA,-,95,30,-,-,-,-,-,-,-,-,-,"0,1%","0,1%",125
,,,,DFSK DXK1021TYQ1 1.5 AC STD (4X2) MT,1498,MT,G,55,2460,0,185R14C08PR,102,2750,4440 X 1810 X 1890,3,4X2,FR,0,2,4,CKD,INA,311,116,184,-,-,-,-,-,-,-,-,-,"0,6%","0,4%",611
TRUCK,GVW 5 - 10 Ton [G/D],"PT. Hino Motor
Manufacturing Indonesia",HINO,WU302R0HKMLHD3 ( DUTRO 110HD0STD ),4009,MT,D,0,7500,0,0,0,0,0,0,4X2,FR,0,2,6,CKD,INA,50,60,80,50,35,-,-,-,-,-,50,135,"1,4%","0,3%",460
,,,,WU302R0HKMLHD8 ( DUTRO 130MD0STD ),4009,MT,D,0,7500,0,0,0,0,0,0,4X2,FR,0,2,6,CKD,INA,-,-,5,-,-,5,-,-,-,-,-,5,"0,0%","0,0%",15
,,,,WU342R0HKMLHD8 ( DUTRO 130MD0L),4009,MT,D,0,7500,0,0,0,0,0,0,4X2,FR,0,2,6,CKD,INA,80,100,70,43,27,-,-,-,40,55,60,55,"1,6%","0,4%",530
,,,,WU342R0HKMQHD8 (DUTRO 130HD0STD06.4),4009,MT,D,0,8250,0,0,0,0,0,0,4X2,FR,0,2,6,CKD,INA,45,5,45,25,20,5,-,-,-,-,25,30,"0,6%","0,1%",200
,,,,WU352R0HKMQHD8 (130HD0L05.8),4009,MT,D,0,8250,0,0,0,0,0,0,4X2,FR,0,2,6,CKD,INA,20,25,5,5,-,-,-,-,-,10,10,5,"0,2%","0,1%",80
,,,,WU342R0HKMRHD3 (130MD05.1),4009,MT,D,0,7500,0,0,0,0,0,0,4X2,FR,0,2,6,CKD,INA,50,26,14,15,-,-,-,10,-,-,5,10,"0,4%","0,1%",130
,,,,WU352R-HKMRJD8 (130MDL),4009,MT,D,0,5200,0,0,0,0,0,0,4X2,FR,0,2,4,CKD,INA,100,90,60,65,15,5,10,-,-,65,55,45,"1,5%","0,4%",510
,,,,WU352R-HAMTJD8 (130HD-5.8),4009,MT,D,0,5200,0,0,0,0,0,0,4X2,FR,0,2,4,CKD,INA,105,120,90,40,-,10,-,-,30,50,85,60,"1,8%","0,4%",590
,,,,WU342R0HKMTJD3 (DUTRO EXPORT (110HD0PS),4009,MT,D,0,7500,0,0,0,0,0,0,4X2,FR,0,2,6,CKD,INA,910,725,560,205,5,115,30,-,-,-,145,580,"9,8%","2,4%",3.275
,,,,WU352R0HAMTJD8 (DUTRO 110LD0L0PS05.5),4009,MT,D,0,7000,0,0,0,0,0,0,4X2,FR,0,2,6,CKD,INA,10,15,-,10,-,-,-,-,-,-,-,-,"0,1%","0,0%",35
,,,,WU342R0HKMRJD8 (DUTRO 130MD0L0PS05.8),4009,MT,D,0,7500,0,0,0,0,0,0,4X2,FR,0,2,6,CKD,INA,5,10,-,5,-,-,-,5,-,-,-,25,"0,2%","0,0%",50
,,,,WU302L0HKMLHD3,4009,MT,D,0,5200,0,0,0,0,0,0,4X2,FR,0,2,4,CKD,INA,5,10,15,-,-,10,-,-,-,-,-,-,"0,1%","0,0%",40
,,,,WU342L0HKMTJD3,4009,MT,D,0,8250,0,0,0,0,0,0,4X2,FR,0,2,6,CKD,INA,20,-,5,-,-,10,-,5,10,-,-,-,"0,2%","0,0%",50
,,,,XZU302L0HKMLHD8,4009,MT,D,0,5200,0,0,0,0,0,0,4X2,FR,0,2,6,CKD,INA,-,-,-,10,-,-,-,-,-,-,-,-,"0,0%","0,0%",10
,,,,XZU342L0HKMLKD8,4009,MT,D,0,5200,0,0,0,0,0,0,4X2,FR,0,2,6,CKD,INA,30,10,30,-,-,-,-,-,-,-,-,-,"0,2%","0,1%",70
,,,,XZU342L0HKMRKD8,4009,MT,D,0,7500,0,0,0,0,0,0,4X2,FR,0,2,6,CKD,INA,-,25,88,2,-,40,-,-,-,-,-,15,"0,5%","0,1%",170
,,,,XZU342L0HRMLKD1,4009,MT,D,0,7500,0,0,0,0,0,0,4X2,FR,0,2,6,CKD,INA,70,50,-,30,-,35,50,15,-,-,-,-,"0,8%","0,2%",250
,,,,XZU342L0HKMLKD8,4009,MT,D,0,5200,0,0,0,0,0,0,4X2,FR,0,2,6,CKD,INA,-,-,35,5,-,20,-,-,-,-,-,-,"0,2%","0,0%",60
,,,,XZU342L0HKMLKD8,4009,MT,D,0,5200,0,0,0,0,0,0,4X2,FR,0,2,6,CKD,INA,-,-,-,-,-,50,-,-,-,-,-,30,"0,2%","0,1%",80
,,,,XZU342L0HKMTKD3,4009,MT,D,0,8250,0,0,0,0,0,0,4X2,FR,0,2,6,CKD,INA,-,-,-,-,-,-,-,-,20,-,35,10,"0,2%","0,0%",65
,,,,XZU353L0HKMRKD8,4009,MT,D,0,7500,0,0,0,0,0,0,4X2,FR,0,2,6,CKD,INA,-,-,-,-,-,-,-,30,10,-,20,10,"0,2%","0,1%",70
,,PT. Isuzu Astra Motor Indonesia,ISUZU,NQR71 EC,4570,MT,D,100,8000,6142,7.50015014PR,125,4175,"7,445 x 2,100 x 1,630",0,4X2,FR,110,2,6,CKD,INA,48,60,47,1,-,-,-,-,-,-,-,-,"0,5%","0,1%",156
,,,,NMR71T SD,4570,MT,D,100,8250,"5,375",7.50015014PR,125,3360,"6000 x1,920x2,280",3,4X2,FR,107,2,6,CKD,INA,192,72,72,-,-,12,36,48,72,36,60,60,"2,0%","0,5%",660
,,,,NMR71T HD 5.8,4570,MT,D,100,8250,"5,857",7.50015014PR,125,3360,"6,000x1,990x2,280",3,4X2,FR,102,2,6,CKD,INA,600,710,542,44,-,24,48,72,144,288,300,300,"9,2%","2,2%",3.072
,,,,NPS 75,4570,MT,D,100,8250,5857,7.50015014PR,125,3360,"6,000x1,990x2,280",3,4X2,FR,102,2,6,CKD,INA,-,12,-,-,-,12,-,-,-,12,-,-,"0,1%","0,0%",36
,,,,FRR90,5193,MT,D,200,10000,5571,8.25016014PR,190,5320,"8,625 x 2,200 x 2,540",3,4X2,FR,103,2,6,CKD,INA,6,12,24,6,-,-,-,12,-,-,6,-,"0,2%","0,0%",66
,,,,NLR55 T,2771,MT,D,75,5100,"4,875",7.50015010PR,100,2490,"4,700 x 1,835 x 2,200",3,4X2,FR,0,2,4,CKD,INA,203,193,144,24,-,-,-,48,132,144,156,168,"3,6%","0,9%",1.212
,,,,NLR71 T,4570,MT,D,75,5100,"4,556",750015012PR,125,2490,"4,700 x 1,835 x 2,200",3,4X2,FR,0,2,4,CKD,INA,-,-,12,-,-,-,-,-,-,12,-,-,"0,1%","0,0%",24
,,,,NLR55 B,2771,MT,D,75,5100,"4,875",225/75/R16,100,2490,"4,870 x 1,835 x 2,170",16,4X2,FR,0,2,4,CKD,INA,276,264,216,50,24,166,60,24,-,84,48,36,"3,7%","0,9%",1.248
,,,,NLR71 BL,4570,MT,D,100,5100,"4,3",225/75/R16,125,3360,"6,170 x 1,835 x 2,200",3,4X2,FR,0,2,4,CKD,INA,12,-,12,-,-,-,-,-,-,-,-,-,"0,1%","0,0%",24
,,,,NMR71T SDL,4570,MT,D,100,8250,5857,7.50015014PR,125,3360,"6,000x1,990x2,280",3,4X2,FR,102,2,6,CKD,INA,-,96,96,24,-,24,36,84,108,108,192,252,"3,1%","0,7%",1.020
,,PT. Krama Yudha Ratu Motor,MITSUBISHI FUSO,FE 71 0 4 W,3908,MT,D,70,5150,4875,7.50015012 PR,110,2500,4735 X 1750 X 2055,3,4X2,FR,116,2,4,CKD,INA,830,420,600,-,-,120,242,180,360,240,420,120,"10,6%","2,6%",3.532
,,,,FE 73 0 6 W,3908,MT,D,100,7000,5714,"7,00016014PR",110,3350,5960 X 1870 X 2130,3,4X2,FR,100,2,6,CKD,INA,-,60,120,-,-,-,1,60,-,120,60,-,"1,3%","0,3%",421
,,,,FE 73 HD 0 6 W,3908,MT,D,100,7000,6166,"7,00016014PR",110,3350,5960 X 1870 X 2130,3,4X2,FR,94,2,6,CKD,INA,35,-,-,-,-,-,61,-,-,-,-,-,"0,3%","0,1%",96
,,,,FE 74 HDV 0 6 W,3908,MT,D,100,7500,6333,"7,50016014PR",125,3350,5960 X 1970 X 2145,3,4X2,FR,113,2,6,CKD,INA,1.440,600,960,-,-,120,1,600,480,360,600,720,"17,7%","4,3%",5.881
,,,,FE 74 S 0 6 W,3908,MT,D,100,7500,5571,"7,50016014PR",125,3350,5960 X 1970 X 2145,3,4X2,FR,120,2,6,CKD,INA,359,240,360,-,-,60,182,300,240,360,300,240,"7,9%","1,9%",2.641
,,,,FE 75 SUPER HD 0 6 W,3908,MT,D,100,8250,6333,"7,50016014PR",136,3350,5960 X 1970 X 2145,3,4X2,FR,113,2,6,CKD,INA,1.140,540,720,-,-,-,122,240,360,360,480,600,"13,7%","3,3%",4.562
,,,,FE 84 0 6 W,3908,MT,D,100,8000,5714,"7,50016014PR",136,3850,6770 X 2035 X 2210,3,4X2,FR,113,2,6,CKD,INA,336,192,144,-,-,-,49,96,216,144,240,192,"4,8%","1,2%",1.609
,,,,FE 84 SHD - 6 W,3908,MT,D,100,8000,5714,"7,50016014PR",136,3850,6770 X 2035 X 2210,3,4X2,FR,113,2,6,CKD,INA,-,-,-,-,-,-,2,-,-,-,-,-,"0,0%","0,0%",2
,,PT. Toyota Motor Mftg Indonesia,TOYOTA,DYNA,4009,MT,D,100,8250,6428,7.50016014PR,130 / 2700,3380,6026X1945X2165,2,4X2,FR,0,2,6,CKD,INA,5,-,-,5,5,-,-,-,-,-,-,15,"0,1%","0,0%",30
,,,,DYNA,4009,MT,D,100,8250,6428,7.50016014PR,130 / 2700,3380,6026X1945X2165,2,4X2,FR,0,2,6,CKD,INA,-,-,-,-,-,-,-,-,10,-,-,-,"0,0%","0,0%",10
,,,,DYNA,4009,MT,D,100,8250,6428,7.50016014PR,130 / 2700,3380,6026X1945X2165,2,4X2,FR,0,2,6,CKD,INA,95,40,55,25,45,-,-,-,-,-,-,15,"0,8%","0,2%",275
,GVW 10 - 24 Ton [G/D],"PT. Hino Motor
Manufacturing Indonesia",HINO,FG8JE1B0BGJ,7684,MT,D,0,15100,0,0,0,0,0,0,4X2,FR,0,2,6,CKD,INA,78,30,72,12,-,-,-,-,-,-,-,-,"6,7%","0,1%",192
,,,,FG8JJ1D0BGJ,7684,MT,D,0,15100,0,0,0,0,0,0,4X2,FR,0,2,6,CKD,INA,53,66,36,24,6,18,-,-,-,-,24,36,"9,2%","0,2%",263
,,,,FG8JK1A0BGJ,7684,MT,D,0,15100,0,0,0,0,0,0,4X2,FR,0,2,6,CKD,INA,-,6,6,2,-,9,3,-,-,-,-,-,"0,9%","0,0%",26
,,,,FG8JK1A0JGJ,7684,MT,D,0,15100,0,0,0,0,0,0,4X2,FR,0,2,6,CKD,INA,-,-,6,-,-,12,18,-,-,-,-,-,"1,3%","0,0%",36
,,,,FG8JL1A0BGJ,7684,MT,D,0,15100,0,0,0,0,0,0,4X2,FR,0,2,6,CKD,INA,24,11,24,1,6,-,1,-,-,-,-,-,"2,3%","0,0%",67
,,,,FC9JNKA0NNJ,7684,MT,D,0,15100,0,0,0,0,0,0,4X2,FR,0,2,6,CKD,INA,-,6,18,6,-,-,-,-,-,-,-,-,"1,0%","0,0%",30
,,,,SG8JE1B0EGJ,7684,MT,D,0,15100,0,0,0,0,0,0,4X2,FR,0,2,6,CKD,INA,78,72,108,30,12,54,30,-,-,-,12,6,"14,1%","0,3%",402
,,,,SG8JE1B0XGJ,7684,MT,D,0,15100,0,0,0,0,0,0,4X2,FR,0,2,6,CKD,INA,6,-,24,18,-,-,-,-,-,-,6,6,"2,1%","0,0%",60
,,,,FG8JM1A0DGJ,7684,MT,D,0,15100,0,0,0,0,0,0,4X2,FR,0,2,6,CKD,INA,6,-,-,3,-,-,-,-,-,-,-,-,"0,3%","0,0%",9
,,,,FG8JL1A0JGJ,7684,MT,D,0,15100,0,0,0,0,0,0,4X2,FR,0,2,6,CKD,INA,6,-,-,-,-,-,-,-,-,-,-,-,"0,2%","0,0%",6
,,,,FG8JP1A0BGJ,7684,MT,D,0,15100,0,0,0,0,0,0,4X2,FR,0,2,6,CKD,INA,34,93,90,61,6,12,-,-,-,-,-,3,"10,5%","0,2%",299
,,,,FG8JM1A0PGJ,7684,MT,D,0,15100,0,0,0,0,0,0,4X2,FR,0,2,6,CKD,INA,-,-,-,-,-,-,-,-,-,-,-,-,"0,0%","0,0%",-
,,,,FG8JS1A0BGJ,7684,MT,D,0,15100,0,0,0,0,0,0,4X2,FR,0,2,6,CKD,INA,50,46,60,14,6,-,2,-,-,-,-,3,"6,3%","0,1%",181
,,,,FG8JS1A0BGJL,7684,MT,D,0,15100,0,0,0,0,0,0,4X2,FR,0,2,6,CKD,INA,-,-,-,-,-,24,-,-,-,-,6,12,"1,5%","0,0%",42
,,PT. Isuzu Astra Motor Indonesia,ISUZU,FVR34L,7790,MT,D,200,16000,7167,10.00020016PR,240,4250,"7,685 x 2,450 x 2,860",3,4X2,FR,95,2,6,CKD,INA,-,-,-,-,-,-,-,-,-,-,-,1,"0,0%","0,0%",1
,,,,GVR34H,7790,MT,D,200,16000,5125,10.00020 16PR,285,3450,5948 x 2470 x 2860,3,4X2,FR,95,2,6,CKD,INA,12,18,24,-,-,-,6,6,6,12,6,-,"3,1%","0,1%",90
,,,,FTR90L,5193,MT,D,200,14000,6500,9.00020014PR,210,4250,"7,345 x 2,400 x 2,720",3,4X2,FR,107,2,6,CKD,INA,18,18,18,-,-,-,-,-,-,6,-,6,"2,3%","0,0%",66
,,,,FVR 34 P TH,5193,MT,D,100,14000,65,9.00020014PR,210,4250,"7,345 x 2,400 x 2,720",3,4X2,FR,107,2,6,CKD,INA,6,18,18,-,-,-,-,-,-,-,-,-,"1,5%","0,0%",42
,,,,FVR34P,7790,MT,D,100,14000,7167,10.00020016PR,240,5050,"8,895 x 2,450 x 2,860",3,4X2,FR,95,2,6,CKD,INA,6,6,-,-,6,-,-,-,6,6,-,1,"1,1%","0,0%",31
,,,,FVR34S,7790,MT,D,200,16000,7167,10.00020016PR,240,6050,"10,495 x 2,450 x 2,860",3,4X2,FR,95,2,6,CKD,INA,41,55,18,18,12,6,-,-,6,6,-,3,"5,8%","0,1%",165
,,PT. Krama Yudha Ratu Motor,MITSUBISHI FUSO,FM 517 HS (4X2),7545,MT,D,200,14030,6666,10.00020016PR,220,4280,7.535 X 2.410 X 2.710,3,4X2,FR,96,2,6,CKD,INA,48,24,48,-,-,-,48,24,-,-,24,-,"7,6%","0,2%",216
,,,,FM 517 HL (4X2),7545,MT,D,200,14030,6166,10.00020016PR,220,5550,9.405 X 2.410 X 2.710,3,4X2,FR,96,2,6,CKD,INA,24,48,-,-,-,-,-,-,-,-,-,-,"2,5%","0,1%",72
,,,,FM 65 FS HI GEAR (4X2),7545,MT,D,200,14030,6166,10.00020016PR,220,5550,9.405 X 2.410 X 2.710,3,4X2,FR,96,2,6,CKD,INA,24,36,24,-,-,-,-,-,-,12,-,-,"3,4%","0,1%",96
,,,,FM 65 FSL (4X2),7545,MT,D,200,14030,6166,10.00020016PR,220,5550,9.405 X 2.410 X 2.710,3,4X2,FR,96,2,6,CKD,INA,-,12,-,-,-,-,-,6,6,-,-,-,"0,8%","0,0%",24
,,,,FN 61 FL  (6X2),7545,MT,D,200,21000,6666,"10,00020016PR",220,7190,11.135 X 2.410 X 2.725,3,6X2,FR,96,2,10,CKD,INA,24,-,-,-,-,-,-,-,-,-,-,-,"0,8%","0,0%",24
,,,,FN 61 FL HD  (6X2),7545,MT,D,200,21000,6666,"10,00020016PR",220,7190,11.135 X 2.410 X 2.725,3,6X2,FR,96,2,10,CKD,INA,48,72,36,-,-,-,-,-,-,-,-,-,"5,5%","0,1%",156
,,,,FN 62 FL HD (6X4),7545,MT,D,200,21000,6666,"10,00020016PR",220,7190,8.515 X 2.460 X 2.750,3,6X4,FR,96,2,10,CKD,INA,36,72,36,-,-,-,-,-,-,-,-,-,"5,0%","0,1%",144
,,,,FN 517 ML2 (6X2),7545,MT,D,200,21000,6666,"10,00020016PR",220,7190,11.135 X 2.410 X 2.725,3,6X2,FR,96,2,10,CKD,INA,36,-,24,-,-,-,24,12,12,-,12,-,"4,2%","0,1%",120
,GVW > 24 Ton [G/D],"PT. Hino Motor
Manufacturing Indonesia",HINO,FL8JN1A0BGJ,7684,MT,D,0,26000,0,0,0,0,0,0,6X2,FR,0,2,10,CKD,INA,12,-,6,6,-,-,-,-,-,-,24,-,"0,9%","0,0%",48
,,,,FL8JN1A0JGJ,7684,MT,D,0,26000,0,0,0,0,0,0,6X2,FR,0,2,10,CKD,INA,12,6,12,18,-,66,18,-,-,-,12,-,"2,8%","0,1%",144
,,,,FL8JT1A0EGJ,7684,MT,D,0,26000,0,0,0,0,0,0,6X2,FR,0,2,10,CKD,INA,48,30,36,15,6,6,-,-,-,-,30,42,"4,1%","0,2%",213
,,,,FL8JW1A0BGJ,7684,MT,D,0,26000,0,0,0,0,0,0,6X2,FR,0,2,10,CKD,INA,-,18,126,30,6,18,-,-,-,-,-,6,"3,9%","0,1%",204
,,,,FL8JW1A0EGJ,7684,MT,D,0,26000,0,0,0,0,0,0,6X2,FR,0,2,10,CKD,INA,102,60,102,33,12,12,-,-,-,-,-,-,"6,2%","0,2%",321
,,,,FL8JW1A0JGJ,7684,MT,D,0,26000,0,0,0,0,0,0,6X2,FR,0,2,10,CKD,INA,6,-,-,-,-,-,-,-,-,-,-,-,"0,1%","0,0%",6
,,,,FM8JK1B0SGJ,7684,MT,D,0,26000,0,0,0,0,0,0,6X4,FR,0,2,10,CKD,INA,12,6,6,6,-,-,-,-,-,-,-,-,"0,6%","0,0%",30
,,,,FM8JK1B0XGJ,7684,MT,D,0,26000,0,0,0,0,0,0,6X4,FR,0,2,10,CKD,INA,36,36,42,24,12,6,-,-,-,-,-,-,"3,0%","0,1%",156
,,,,FM8JK1M0EGJ,7684,MT,D,0,26000,0,0,0,0,0,0,6X4,FR,0,2,10,CKD,INA,55,21,12,18,11,-,-,-,-,-,-,-,"2,2%","0,1%",117
,,,,FM8JN1D0EGJ,7684,MT,D,0,26000,0,0,0,0,0,0,6X4,FR,0,2,10,CKD,INA,642,557,265,21,18,24,-,-,-,-,-,-,"29,4%","1,1%",1.527
,,,,FM8JW1A0EGJ,7684,MT,D,0,26000,0,0,0,0,0,0,6X4,FR,0,2,10,CKD,INA,96,111,65,28,12,-,-,-,-,-,-,-,"6,0%","0,2%",312
,,,,FM8JW1A0XGJ,10520,MT,D,0,26000,0,0,0,0,0,0,6X4,FR,0,2,10,CKD,INA,-,-,6,-,-,-,-,-,-,-,-,-,"0,1%","0,0%",6
,,,,FM2PK1B0MGJ,10520,MT,D,0,26000,0,0,0,0,0,0,6X4,FR,0,2,10,CKD,INA,42,-,30,12,6,6,-,-,-,-,-,-,"1,8%","0,1%",96
,,,,FM2PL1D0MGJ,10520,MT,D,0,26000,0,0,0,0,0,0,6X4,FR,0,2,10,CKD,INA,17,6,6,-,-,-,-,-,-,-,-,-,"0,6%","0,0%",29
,,,,FM2PN1D0MGJ,10520,MT,D,0,26000,0,0,0,0,0,0,6X4,FR,0,2,10,CKD,INA,18,-,6,-,-,-,-,-,-,-,-,-,"0,5%","0,0%",24
,,PT. Isuzu Astra Motor Indonesia,ISUZU,GVZ34K,7790,MT,D,200,26000,6143,10.00020 16PR,285,4100+650,6865 x 2450 x 2860,3,6X4,FR,83,2,10,CKD,INA,6,-,6,6,-,-,-,-,6,-,-,-,"0,5%","0,0%",24
,,,,FVZ34 T LWB,7790,MT,D,200,26000,6143,10.00020016PR,285,6470+650,"11,555 x 2,450 x 2,860",3,6X4,FR,83,2,10,CKD,INA,53,25,30,-,-,-,6,6,12,6,12,43,"3,7%","0,1%",193
,,,,GXZ 60 K ABS,7790,MT,D,200,46000,5571,11.00020 16PR,345,3265+1370,6600 x 2495 x 2925,3,6X4,FR,107,2,10,CKD,INA,-,6,-,-,-,-,-,-,-,-,-,-,"0,1%","0,0%",6
,,,,FVM34 Q,7790,MT,D,200,26000,7167,10.00020016PR,240,4850+650,"8,810 x 2,450 x 2,860",3,6X2,FR,98,2,10,CKD,INA,68,52,48,-,-,-,-,-,-,-,6,25,"3,8%","0,1%",199
,,,,GVR 34 J HR ABS,7790,MT,D,370,38000,5125,10.00-20 16PR,285,3560,5860 x 2485 x 2920,3,4X2,FR,99,2,6,CKD,INA,-,-,-,-,-,-,-,-,-,-,-,2,"0,0%","0,0%",2
,,,,GVZ 34 K HP ABS,7790,MT,D,200,38000,6143,11.00-20 16PR,285,3265+1367,6600 x 2495 x 2925,3,6X4,FR,84,2,10,CKD,INA,-,-,-,-,-,-,-,-,-,-,-,1,"0,0%","0,0%",1
,,PT. Krama Yudha Ratu Motor,MITSUBISHI FUSO,FN 527 ML  (6X4),7545,MT,D,200,24800,7500,"10,00020016PR",220,5450,8.515 X 2.460 X 2.750,3,6X4,FR,76,2,10,CKD,INA,216,144,96,-,-,-,-,-,-,-,-,-,"8,8%","0,3%",456
,,,,FN 62 F HD (6X4),7545,MT,D,200,24800,6666,"10,00020016PR",220,7190,11.135 X 2.410 X 2.725,3,6X4,FR,96,2,10,CKD,INA,108,72,72,-,-,-,-,-,-,-,-,-,"4,8%","0,2%",252
,,,,FN 62 F TH (6X4),7545,MT,D,200,24800,6666,"10,00020016PR",220,7190,11.135 X 2.410 X 2.725,3,6X4,FR,96,2,10,CKD,INA,-,-,12,-,-,-,-,-,-,-,-,-,"0,2%","0,0%",12
,,,,FN 527 MS  (6X4),7545,MT,D,200,24800,7500,"10,00020016PR",220,5320,8.260 X 2.460 X 2.750,3,6X4,FR,103,2,10,CKD,INA,60,12,36,-,-,-,-,-,-,-,-,-,"2,1%","0,1%",108
,,"PT Daimler Commercial Vehicles
Indonesia",MERCEDES-BENZ CV,Axor 2528 C,6373,MT,D,380,25000,4.573 0 1.0,"10.00 R 20, Tube0type",380,5700,12000 x 2490 x 2955,2,6X2,FR,90,2,6,CKD,INA,55,-,21,6,11,25,36,15,23,1,-,-,"3,7%","0,1%",193
,,,,Axor 2528 RMC,6373,MT,D,255,26500,4.573 0 1.0,"11.00 0 20, Tube0type",280,3600,7460 x 2490 x 2955,2,6X4,FR,90,2,6,CKD,INA,15,-,-,-,-,-,-,-,6,18,-,-,"0,7%","0,0%",39
,,PT. Astra Multi Trucks Indonesia,UD TRUCK,GKE28042T,7698,MT,D,315,37000,5570,"11,00020016PR",280,0,0,3,4X2,FR,90,2,8,CKD,INA,15,5,2,-,-,30,29,28,22,22,23,-,"3,4%","0,1%",176
,,,,CDE25062R,7898,MT,D,315,26000,5570,"11,00020016PR",250,0,0,3,6X2,FR,90,2,10,CKD,INA,6,32,21,-,-,5,10,10,-,20,-,-,"2,0%","0,1%",104
,,,,CDE28062R,7898,MT,D,315,26000,5570,"11,00020016PR",280,0,0,3,6X2,FR,90,2,10,CKD,INA,-,-,-,5,-,-,-,-,-,10,5,-,"0,4%","0,0%",20
,,,,CWE28064R,7698,MT,D,315,26000,6170,"11,00020016PR",280,0,0,3,6X4,FR,90,2,10,CKD,INA,5,23,30,17,-,1,22,8,12,14,18,-,"2,9%","0,1%",150
,,,,GWE28064T,7898,MT,D,315,37000,6166,"11,00020016PR",280,0,0,3,6X4,FR,90,2,10,CKD,INA,-,-,5,-,-,-,5,5,-,-,-,-,"0,3%","0,0%",15
,,,,GWE33064T,7698,MT,D,315,44000,6170,"11,00020016PR",330,0,0,3,6X4,FR,90,2,10,CKD,INA,-,-,-,-,-,-,-,6,-,-,-,-,"0,1%","0,0%",6
,,,,GWE37064T,10837,MT,D,405,49000,5140,"11,00020016PR",370,0,0,3,6X4,FR,90,2,10,CKD,INA,5,-,5,-,-,-,-,-,-,-,3,-,"0,2%","0,0%",13
AFFORDABLE ENERGY SAVING CARS 4X2,CC  1.200 [G],PT. Astra Daihatsu Motor,DAIHATSU,New  Ayla 1.0 D,998,MT,G,33,770,4643,175/65R14,65,2450,3600X1600X1520,5,4X2,FF,0,5,4,CKD,INA,5,-,-,-,-,-,-,-,-,-,-,-,"0,0%","0,0%",5
,,,,New  Ayla 1.0 D+,998,MT,G,33,785,4485,175/65R14,65,2450,3600X1600X1520,5,4X2,FF,0,5,4,CKD,INA,409,296,3,-,-,-,-,-,-,-,-,-,"0,6%","0,6%",708
,,,,New  Ayla 1.0 M MT,998,MT,G,33,785,4485,175/65R14,65,2450,3600X1600X1520,5,4X2,FF,0,5,4,CKD,INA,259,178,2,-,-,-,-,-,-,-,-,-,"0,4%","0,4%",439
,,,,New  Ayla 1.0 M AT,998,AT,G,33,785,4485,175/65R14,65,2450,3600X1600X1520,5,4X2,FF,0,5,4,CKD,INA,86,105,-,-,-,-,-,-,-,-,-,-,"0,2%","0,2%",191
,,,,New  Ayla 1.0 X MT,998,MT,G,33,785,4485,175/65R14,65,2450,3600X1600X1520,5,4X2,FF,0,5,4,CKD,INA,418,434,6,-,-,-,-,-,-,-,-,-,"0,7%","0,7%",858
,,,,New  Ayla 1.0 X AT,998,AT,G,33,785,4485,175/65R14,65,2450,3600X1600X1520,5,4X2,FF,0,5,4,CKD,INA,64,95,-,-,-,-,-,-,-,-,-,-,"0,1%","0,1%",159
,,,,New  Ayla 1.0 X MT (Airbag),998,MT,G,33,770,4643,175/65R14,65,2450,3600X1600X1520,5,4X2,FF,0,5,4,CKD,INA,5,-,-,-,-,-,-,-,-,-,-,-,"0,0%","0,0%",5
,,,,New  Ayla 1.0 X AT (Airbag),998,AT,G,33,785,4485,175/65R14,65,2450,3600X1600X1520,5,4X2,FF,0,5,4,CKD,INA,1,1,-,-,-,-,-,-,-,-,-,-,"0,0%","0,0%",2
,,,,New  Ayla 1.2 X MT (Airbag),1197,MT,G,33,785,4485,175/65R14,65,2450,3600X1600X1520,5,4X2,FF,0,5,4,CKD,INA,129,208,2,-,-,-,-,-,-,-,-,-,"0,3%","0,3%",339
,,,,New  Ayla 1.2 X AT (Airbag),1197,AT,G,33,785,4485,175/65R14,65,2450,3600X1600X1520,5,4X2,FF,0,5,4,CKD,INA,45,65,-,-,-,-,-,-,-,-,-,-,"0,1%","0,1%",110
,,,,New  Ayla 1.2 R MT (Airbag),1197,MT,G,33,785,4485,175/65R14,65,2450,3600X1600X1520,5,4X2,FF,0,5,4,CKD,INA,410,563,6,-,-,-,-,-,-,-,-,-,"0,8%","0,8%",979
,,,,New  Ayla 1.2 R AT (Airbag),1197,AT,G,33,785,4485,175/65R14,65,2450,3600X1600X1520,5,4X2,FF,0,5,4,CKD,INA,223,283,3,-,-,-,-,-,-,-,-,-,"0,4%","0,4%",509
,,,,New  Ayla 1.0 D (MC 2020),998,MT,G,33,770,4643,175/65R14,65,2450,3600X1600X1520,5,4X2,FF,0,5,4,CKD,INA,-,-,10,1,-,-,-,-,-,-,-,-,"0,0%","0,0%",11
,,,,New  Ayla 1.0 D+ (MC 2020),998,MT,G,33,785,4485,175/65R14,65,2450,3600X1600X1520,5,4X2,FF,0,5,4,CKD,INA,-,-,246,33,-,1,66,109,140,366,76,50,"0,9%","0,9%",1.087
,,,,New  Ayla 1.0 X MT (MC 2020),998,MT,G,33,785,4485,175/65R14,65,2450,3600X1600X1520,5,4X2,FF,0,5,4,CKD,INA,-,-,683,27,-,1,35,149,242,197,241,264,"1,5%","1,5%",1.839
,,,,New  Ayla 1.0 X AT (MC 2020),998,AT,G,33,785,4485,175/65R14,65,2450,3600X1600X1520,5,4X2,FF,0,5,4,CKD,INA,-,-,255,11,-,-,30,115,172,70,24,90,"0,6%","0,6%",767
,,,,New  Ayla 1.2 X MT (MC 2020),"1,197",MT,G,33,785,4485,175/65R14,65,2450,3600X1600X1520,5,4X2,FF,0,5,4,CKD,INA,-,-,253,16,-,1,36,121,178,43,43,92,"0,6%","0,6%",783
,,,,New  Ayla 1.2 X AT (MC 2020),"1,197",AT,G,33,785,4485,175/65R14,65,2450,3600X1600X1520,5,4X2,FF,0,5,4,CKD,INA,-,-,88,4,-,-,16,58,61,37,18,41,"0,3%","0,3%",323
,,,,New  Ayla 1.2 R MT (MC 2020),"1,197",MT,G,33,785,4485,175/65R14,65,2450,3600X1600X1520,5,4X2,FF,0,5,4,CKD,INA,-,-,713,37,-,4,145,444,571,115,72,338,"2,0%","2,0%",2.439
,,,,New  Ayla 1.2 R AT (MC 2020),"1,197",AT,G,33,785,4485,175/65R14,65,2450,3600X1600X1520,5,4X2,FF,0,5,4,CKD,INA,-,-,423,19,-,2,101,298,390,178,40,87,"1,2%","1,2%",1.538
,,,,New  Sigra 1.0 D MT,998,MT,G,36,1480,5545,155/80 R13,67,2525,4070X1655X1600,7,4X2,FF,0,5,4,CKD,INA,698,739,976,86,-,36,66,468,670,342,160,145,"3,5%","3,5%",4.386
,,,,New  Sigra 1.0 M MT,998,MT,G,36,1480,5545,175/65 R14,67,2525,4070X1655X1600,7,4X2,FF,0,5,4,CKD,INA,719,808,1.043,93,-,33,66,474,741,309,156,221,"3,7%","3,7%",4.663
,,,,New  Sigra 1.2 X MT,"1,197",MT,G,36,1500,5077,175/65 R14,88,2525,4070X1655X1600,7,4X2,FF,0,5,4,CKD,INA,176,679,915,78,-,42,49,98,191,431,164,36,"2,3%","2,3%",2.859
,,,,New  Sigra 1.2 X AT,"1,197",AT,G,36,1500,4839,175/65 R14,88,2525,4070X1655X1600,7,4X2,FF,0,5,4,CKD,INA,70,102,84,11,-,4,8,34,15,22,18,13,"0,3%","0,3%",381
,,,,New  Sigra 1.2 R MT,"1,197",MT,G,36,1500,5077,175/65 R14,88,2525,4070X1655X1600,7,4X2,FF,0,5,4,CKD,INA,1.733,1.702,1.940,161,-,57,111,677,1.151,643,338,268,"7,1%","7,1%",8.781
,,,,New  Sigra 1.2 R AT,"1,197",AT,G,36,1570,4839,175/65 R14,88,2525,4070X1655X1600,7,4X2,FF,0,5,4,CKD,INA,318,324,441,50,-,22,46,385,374,150,62,53,"1,8%","1,8%",2.225
,,PT. Nissan Motor Indonesia,DATSUN,Datsun GO+ D 1.2 MT,1198,MT,G,0,0,0,155/70 R13,0,2450,3995 x 1635 x 1490,5+3,4X2,FF,0,0,4,CKD,INA,18,-,-,-,-,-,-,-,-,-,-,-,"0,0%","0,0%",18
,,,,Datsun GO+ A 1.2 MT,1198,MT,G,0,0,0,155/70 R13,0,2450,3995 x 1635 x 1490,5+3,4X2,FF,0,0,4,CKD,INA,36,-,-,-,-,-,-,-,-,-,-,-,"0,0%","0,0%",36
,,,,Datsun GO+ A 1.2 CVT,1198,CVT,G,0,0,0,155/70 R13,0,2450,3995 x 1635 x 1490,5+3,4X2,FF,0,0,4,CKD,INA,6,-,-,-,-,-,-,-,-,-,-,-,"0,0%","0,0%",6
,,,,Datsun GO+ T 1.2 MT,1198,MT,G,0,0,0,155/70 R13,0,2450,3995 x 1635 x 1490,5+3,4X2,FF,0,0,4,CKD,INA,6,-,-,-,-,-,-,-,-,-,-,-,"0,0%","0,0%",6
,,,,Datsun GO+ T STYLE 1.2 CVT,1198,CVT,G,0,0,0,155/70 R13,0,2450,3785 x 1635 x 1485,5,4X2,FF,0,0,4,CKD,INA,11,1,-,-,-,-,-,-,-,-,-,-,"0,0%","0,0%",12
,,,,New  Datsun GO D MT,1198,MT,G,0,0,0,155/70 R13,0,2450,3785 x 1635 x 1485,5,4X2,FF,0,0,4,CKD,INA,47,1,-,-,-,-,-,-,-,-,-,-,"0,0%","0,0%",48
,,,,New  Datsun GO A MT,1198,MT,G,0,0,0,155/70 R13,0,2450,3785 x 1635 x 1485,5,4X2,FF,0,0,4,CKD,INA,72,-,-,-,-,-,-,-,-,-,-,-,"0,1%","0,1%",72
,,,,New  Datsun Go T active MT,1198,MT,G,0,0,0,155/70 R14,0,2450,3785 x 1635 x 1485,6,4X2,FF,0,0,4,CKD,INA,57,9,-,-,-,-,-,-,-,-,-,-,"0,1%","0,1%",66
,,,,Datsun Go Live MT,1198,MT,G,0,0,0,175/65 R16,0,2450,3995 x 1670 x 1560,5,4X2,FF,0,0,4,CKD,INA,18,-,-,-,-,-,-,-,-,-,-,-,"0,0%","0,0%",18
,,PT. Honda Prospect Motor,HONDA,Brio SATYA S,1198,MT,G,35,930,0,0,88,2345,3610 x 1680 x 1485,5,4X2,FF,0,4,4,CKD,INA,300,360,360,180,-,-,-,-,180,180,420,120,"1,7%","1,7%",2.100
,,,,Brio SATYA E,1198,MT,G,35,960,0,0,88,2345,3610 x 1680 x 1485,5,4X2,FF,0,4,4,CKD,INA,1.460,1.475,1.494,540,-,-,59,1.141,1.740,900,1.620,960,"9,2%","9,2%",11.389
,,,,Brio SATYA E,1198,AT,G,35,960,0,0,88,2345,3610 x 1680 x 1485,5,4X2,FF,0,4,4,CKD,INA,2.700,2.220,2.580,840,-,-,-,121,1.606,2.658,1.578,1.662,"12,8%","12,8%",15.965
,,PT. Suzuki Indomobil Motor,SUZUKI,Karimun Wagon R GL,998,MT,G,35,1350,4388,145/80 R13,68,2400,3600 X 1475 X 1700,5,4X2,FF,0,4,4,CKD,INA,210,134,131,36,1,-,42,-,-,-,-,77,"0,5%","0,5%",631
,,,,Karimun Wagon R GS,998,MT,G,35,1350,4388,145/80 R13,68,2400,3600 X 1475 X 1700,5,4X2,FF,0,4,4,CKD,INA,52,12,36,11,-,-,11,25,30,-,-,10,"0,2%","0,2%",187
,,,,Karimun Wagon R GL AT,998,AT,G,35,1350,4388,145/80 R13,68,2400,3600 X 1475 X 1700,5,4X2,FF,0,4,4,CKD,INA,49,28,28,10,-,-,15,-,-,-,-,-,"0,1%","0,1%",130
,,,,Karimun Wagon R GS AT,998,AT,G,35,1350,4388,145/80 R13,68,2400,3600 X 1475 X 1700,5,4X2,FF,0,4,4,CKD,INA,32,70,45,18,10,-,12,82,162,129,122,-,"0,5%","0,5%",682
,,PT. Toyota Motor Mftg Indonesia,TOYOTA,AGYA 1.0 G M/T (CG)+(D4)+(CG),1000,MT,G,33,0,4485,175/65R14,65.3 / 6000,2450,3600X1620X1520,5,4X2,FF,0,5,4,CKD,INA,5,10,9,3,-,-,-,-,2,2,-,-,"0,0%","0,0%",31
,,,,AGYA 1.0 G A/T (CL)+(57),1000,AT,G,33,0,4485,175/65R14,65.3 / 6000,2450,3600X1620X1520,5,4X2,FF,0,5,4,CKD,INA,-,-,-,1,-,2,-,1,1,1,-,-,"0,0%","0,0%",6
,,,,AGYA 1.2 G M/T (DQ)+(DQ)+(DQ)+(6Q),1200,MT,G,33,0,4485,175/65R14,65.3 / 6000,2450,3600X1620X1520,5,4X2,FF,0,5,4,CKD,INA,117,163,350,23,-,3,35,5,123,151,84,183,"1,0%","1,0%",1.237
,,,,AGYA 1.2 G M/T (DR)+(DR)+(6R)TRD S Edition,1200,MT,G,33,0,4485,175/65R14,65.3 / 6000,2450,3600X1620X1520,5,4X2,FF,0,5,4,CKD,INA,579,596,1.186,92,-,9,103,556,864,804,261,500,"4,5%","4,5%",5.550
,,,,AGYA 1.2 G A/T (DT)+(DT)+(6S)+(DT),1200,AT,G,33,0,4485,175/65R14,65.3 / 6000,2450,3600X1620X1520,5,4X2,FF,0,5,4,CKD,INA,186,147,279,22,-,3,17,15,139,131,55,133,"0,9%","0,9%",1.127
,,,,AGYA 1.2 G A/T (DS)+(6T)+(DS),1200,AT,G,33,0,4485,175/65R14,65.3 / 6000,2450,3600X1620X1520,5,4X2,FF,0,5,4,CKD,INA,772,523,910,79,-,7,82,316,884,722,173,414,"3,9%","3,9%",4.882
,,,,AGYA EXPORT,1200,0,G,33,0,4485,175/65R14,65.3 / 6000,2450,3600X1620X1520,5,4X2,FF,0,5,4,CKD,INA,900,645,2.427,577,-,1.406,770,1.055,2.728,3.253,3.698,2.871,"16,3%","16,3%",20.330
,,,,CALYA 1.2 E M/T (ZB)+(3A),1200,MT,G,0,0,0,175/65R14,0,2525,0,7,4X2,FR,4,4,4,CKD,INA,54,23,11,4,-,1,6,44,-,-,-,20,"0,1%","0,1%",163
,,,,CALYA 1.2 E M/T (29)+(EA),1200,MT,G,0,0,0,175/65R14,0,2525,0,7,4X2,FR,4,4,4,CKD,INA,59,22,20,7,-,2,9,48,1,-,-,-,"0,1%","0,1%",168
,,,,CALYA 1.2 G M/T (ZC)+(5M)+(3B),1200,M/T,G,0,0,0,175/65R14,0,2525,0,7,4X2,FR,4,4,4,CKD,INA,601,250,281,58,-,20,98,105,1,-,1,289,"1,4%","1,4%",1.704
,,,,CALYA 1.2 G A/T (ZF)+(3E)+(5N),1200,AT,G,0,0,0,175/65R14,0,2525,0,7,4X2,FR,4,4,4,CKD,INA,294,103,86,23,-,2,18,103,1,-,-,110,"0,6%","0,6%",740
,,,,CALYA (3R),1200,0,G,0,0,0,175/65R14,0,2525,0,7,4X2,FR,4,4,4,CKD,INA,200,140,210,7,-,-,1,146,431,98,1,23,"1,0%","1,0%",1.257
,,,,CALYA (3S),1200,0,G,0,0,0,175/65R14,0,2525,0,7,4X2,FR,4,4,4,CKD,INA,165,100,109,4,-,-,2,147,177,94,9,96,"0,7%","0,7%",903
,,,,CALYA (3T),1200,0,G,0,0,0,175/65R14,0,2525,0,7,4X2,FR,4,4,4,CKD,INA,2.238,2.278,2.814,93,-,-,1,141,1.994,1.390,1.297,1.260,"10,9%","10,9%",13.506
,,,,CALYA (3V),1200,0,G,0,0,0,175/65R14,0,2525,0,7,4X2,FR,4,4,4,CKD,INA,-,-,-,-,-,-,3,327,525,814,250,477,"1,9%","1,9%",2.396
,,,,CALYA (3W),1200,0,G,0,0,0,175/65R14,0,2525,0,7,4X2,FR,4,4,4,CKD,INA,1.051,674,852,29,-,-,-,-,-,-,-,-,"2,1%","2,1%",2.606